,Code Postal,Prix (€),Surface (m2),Prix du m2,Nbr de Pieces
0,92600,248000,79.0,3139,4
1,92270,228000,34.17,6318,2
2,92700,269000,43.17,6231,2
3,92270,199000,33.0,5758,2
4,92220,202464,29.25,6922,1
5,92200,160000,12.0,13300,1
6,92800,210000,27.0,7778,1
7,92700,295000,48.0,6146,2
8,92270,239000,41.0,5829,2
9,92250,264000,54.16,4874,3
10,92160,285000,67.0,4254,4
11,92160,273000,57.42,4754,3
12,92110,255000,34.02,7496,2
13,92500,209000,28.0,7464,1
14,92400,300000,30.0,9500,2
15,92340,248000,40.0,6200,2
16,92400,255000,34.0,7500,2
17,92320,295000,62.0,4758,2
18,92320,181000,28.02,6094,1
19,92700,295000,48.0,6146,2
20,92170,220000,31.0,7097,1
21,92700,285000,64.0,4453,3
22,92270,129000,17.0,7588,1
23,92270,181000,50.14,3610,2
24,92700,283500,45.0,6300,2
25,92100,217000,25.0,8228,2
26,92600,290000,80.0,3625,4
27,92700,288750,75.0,3850,4
28,92700,199000,26.92,7392,1
29,92700,188370,39.05,4824,2
30,92700,244400,39.0,6267,2
31,92700,299000,41.0,7293,3
32,92000,299000,53.0,5453,3
33,92500,255000,67.44,3633,3
34,92600,290000,80.0,3625,3
35,92600,252000,40.0,6300,2
36,92270,275000,53.0,4962,3
37,92600,285000,39.0,6993,1
38,92160,289900,76.0,3814,4
39,92600,179800,34.0,5288,1
40,92500,299000,52.0,5750,3
41,92500,260000,52.0,5000,3
42,92110,263000,43.64,6027,2
43,92290,265 000 à 286 000 €,30 à 33 m²,6027,1
44,92110,245000,30.0,8167,2
45,92240,130000,17.0,7176,1
46,92800,300000,37.0,8108,2
47,92600,280000,41.0,6829,2
48,92600,299000,45.0,6644,2
49,92600,239000,62.0,3855,3
50,92220,267 065 à 271 290 €,47 à 48 m²,3855,2
51,92140,à partir de 299 500 €,37 m² min,3855,1
52,92160,250000,54.0,4630,3
53,92290,265 000 à 286 000 €,31 à 34 m²,4630,1
54,92190,244400,28.0,8729,1
55,92600,271 500 à 294 500 €,30 à 37 m²,8729,1 à 2 pièces
56,92000,299000,47.0,6362,2
57,92500,300000,52.88,5673,2
58,92240,294000,33.45,8371,2
59,92500,265000,46.0,5761,2
60,92700,245000,59.0,4153,3
61,92200,205000,18.0,11400,1
62,92360,223000,71.0,3141,4
63,92500,239500,53.0,4519,2
64,92160,245000,50.0,4900,2
65,92150,233000,22.2,9910,1
66,92600,259000,77.0,3364,4
67,92600,299000,50.0,5980,3
68,92360,254900,65.0,3922,4
69,92100,270000,25.0,10200,1
70,92500,260000,62.0,4194,3
71,92700,150000,21.0,6667,1
72,92000,149000,21.0,7095,1
73,92120,208000,26.67,7424,1
74,92000,219000,29.0,7552,2
75,92700,275000,42.0,6190,2
76,92000,255000,35.04,6849,2
77,92360,223400,54.0,4137,3
78,92250,280000,38.0,7368,2
79,92400,299900,38.0,7892,2
80,92600,234000,30.0,7800,1
81,92350,299999,66.12,4356,4
82,92700,249900,52.0,4806,2
83,92160,260000,57.0,4561,3
84,92160,271000,54.0,5019,3
85,92700,285000,54.0,5278,2
86,92390,210000,55.0,3818,3
87,92500,218000,30.0,7267,1
88,92100,289120,36.41,7635,1
89,92200,275000,23.0,1200,1
90,92800,à partir de 233 200 €,17 à 29 m²,1200,1
91,92600,250000,39.0,6410,2
92,92700,269900,53.85,5012,3
93,92140,300000,41.52,7225,2
94,92700,229000,47.74,4797,2
95,92500,175000,27.0,6481,1
96,92600,244500,40.37,5821,2
97,92160,259000,51.0,4882,3
98,92350,249990,57.0,4386,3
99,92600,299000,45.0,6644,2
100,92100,299500,38.7,7442,2
101,92600,169000,20.0,8450,1
102,92600,185000,38.0,4868,2
103,92250,245000,29.65,8263,1
104,92130,218300,33.0,6615,2
105,92400,234000,30.0,7800,1
106,92100,240000,29.0,7931,2
107,92260,290000,55.27,5247,2
108,92160,259000,47.0,5511,2
109,92700,225000,32.0,7031,2
110,92600,242000,35.0,6914,2
111,92700,238000,38.0,6263,2
112,92700,199000,34.0,5500,2
113,92600,299000,55.0,5436,3
114,92600,285000,39.0,7308,2
115,92600,260000,75.0,3467,4
116,92160,255000,82.0,3110,5
117,92700,230000,41.7,5516,2
118,92600,177000,24.0,7375,2
119,92130,300000,41.0,7317,2
120,92600,181800,24.0,7575,1
121,92390,219900,59.0,3727,3
122,92270,299000,39.0,7667,2
123,92300,190000,21.0,9048,1
124,92600,290000,36.0,8056,2
125,92270,285000,43.0,6628,3
126,92190,229000,27.0,8001,1
127,92600,279000,42.0,6643,2
128,92110,240000,33.03,7266,2
129,92700,268000,54.0,4963,3
130,92360,212400,56.0,3793,3
131,92360,218000,55.0,3964,3
132,92160,244400,55.0,4273,3
133,92700,250000,45.0,5556,3
134,92160,260000,68.0,3824,4
135,92400,300000,44.0,6455,2
136,92700,130000,25.0,5200,2
137,92400,199800,33.0,5758,2
138,92140,254000,25.0,10200,1
139,92250,270000,36.09,7481,2
140,92400,224000,26.0,8269,2
141,92700,130000,31.43,4136,1
142,92350,277 900 à 299 900 €,34 à 37 m²,4136,1 à 2 pièces
143,92160,250000,85.0,2941,5
144,92130,300000,41.0,7317,2
145,92600,181800,24.0,7575,1
146,92390,219900,59.0,3727,3
147,92270,299000,39.0,7667,2
148,92300,190000,21.0,9048,1
149,92600,290000,36.0,8056,2
150,92270,285000,43.0,6628,3
151,92190,229000,27.0,8001,1
152,92600,279000,42.0,6643,2
153,92110,240000,33.03,7266,2
154,92700,268000,54.0,4963,3
155,92600,298000,45.0,6622,2
156,92360,212400,56.0,3793,3
157,92360,218000,55.0,3964,3
158,92160,244400,55.0,4273,3
159,92160,250000,45.0,5556,3
160,92160,260000,68.0,3824,4
161,92400,300000,44.0,6455,2
162,92700,130000,25.0,5200,2
163,92400,199800,33.0,5758,2
164,92140,254000,25.0,10200,1
165,92140,254000,36.09,7481,2
166,92400,224000,26.0,8269,2
167,92700,130000,31.43,4136,1
168,92350,277 900 à 299 900 €,34 à 37 m²,4136,1 à 2 pièces
169,92160,250000,85.0,2941,5
170,92700,230000,30.0,7667,1
171,92370,à partir de 288 000 €,1 pièce,7667,Point de vente : 1-5 Rue Paul Cézanne 75008 PARIS
172,92160,à partir de 287 700 €,41 à 47 m²,7667,2
173,92130,298000,32.0,9313,1
174,92160,265000,55.0,4545,3
175,92270,249000,64.0,3750,2
176,92600,245000,55.0,4455,2
177,92360,260000,77.0,3377,4
178,92700,285000,48.0,5938,2
179,92110,275000,42.0,6548,2
180,92360,264000,66.0,4000,4
181,92300,179500,34.6,4917,1
182,92140,240 000 à 255 000 €,25 à 28 m²,4917,1
183,92130,298000,42.0,7095,2
184,92400,199000,22.14,8988,1
185,92700,à partir de 286 000 €,43 m² min,8988,2
186,92500,294000,50.0,5880,3
187,92600,249000,30.0,7967,1
188,92230,237 000 à 297 000 €,40 à 58 m²,7967,1 à 3 pièces
189,92230,192000,27.0,7111,1
190,92360,196500,56.0,3509,3
191,92360,199500,56.0,3563,3
192,92360,212700,56.0,3798,3
193,92360,257900,77.0,3349,4
194,92500,à partir de 257 000 €,29 m² min,3349,1
195,92240,250000,34.0,7000,2
196,92700,230 000 à 285 000 €,25 à 40 m²,7000,1 à 2 pièces
197,92110,235000,30.0,7833,2
198,92700,265000,48.0,5521,3
199,92160,265000,64.0,3953,3
200,92390,183 000 à 295 000 €,27 à 66 m²,3953,1 à 3 pièces
201,92390,212 000 à 287 000 €,39 à 69 m²,3953,2 à 3 pièces
202,92700,169900,30.0,5663,1
203,92140,258000,32.31,7985,1
204,92390,209 800 à 329 000 €,29 à 68 m²,7985,1 à 3 pièces
205,92230,247 000 à 293 000 €,36 à 47 m²,7985,1 à 2 pièces
206,92150,285000,33 à 36 m²,7985,1
207,92700,à partir de 269 000 €,36 m² min,7985,2
208,92600,à partir de 289 000 €,40 m² min,7985,2
209,92290,251 000 à 293 000 €,33 à 36 m²,7985,1
210,92380,à partir de 290 000 €,36.21,7985,1
211,92700,à partir de 269 300 €,30 à 32 m²,7985,1
212,92700,275000,57.0,4825,3
213,92500,265000,28.73,9224,1
214,92150,268 000 à 290 000 €,24 à 27 m²,9224,1
215,92700,254 787 à 288 910 €,30 à 35 m²,9224,1
216,92290,269025,42.25,6367,2
217,92260,255000,54.73,4659,3
218,92140,255000,40.0,6375,2
219,92800,300000,38.0,7895,2
220,92700,149000,20.0,7450,1
221,92700,299000,51.0,5686,2
222,92200,106000,7.92,12600,1
223,92000,269000,41.8,6435,12 m² de terrain
224,92130,248000,30.13,8231,1
225,92360,199000,55.0,3618,3
226,92250,262500,37.0,7095,2
227,92130,275000,44.0,6250,3
228,92700,265000,69.33,3822,4
229,92600,165000,19.0,8263,1
230,92140,185000,31.63,5849,2
231,92360,244600,63.0,3883,3
232,92360,239000,74.0,3081,3
233,92140,130000,19.0,6842,1
234,92160,165000,32.0,5156,1
235,92290,299000,69.0,4187,2
236,92350,299000,67.0,4312,3
237,92600,120000,14.0,8000,1
238,92600,208000,34.0,5882,1
239,92500,210000,33.47,6274,1
240,92600,219000,67.0,3269,3
241,92600,248000,47.71,4998,3
242,92600,269000,62.0,4339,3
243,92120,210000,28.4,7042,2
244,92700,170369,30.0,5679,2
245,92140,260000,38.0,6645,3
246,92170,135000,18.0,7111,1
247,92370,230000,31.0,7419,1
248,92160,173000,24.0,7208,1
249,92160,270000,57.0,4737,3
250,92260,254000,57.0,4456,3
251,92700,215000,54.0,3981,3
252,92600,249000,44.0,5659,2
253,92120,297150,34.6,8179,2
254,92600,295000,74.0,3986,3
255,92290,299000,82.0,3646,4
256,92310,96000,18.5,5189,1
257,92400,189000,25.05,7545,1
258,92700,295000,47.6,6197,2
259,92700,177000,32.0,5313,2
260,92400,80000,10.0,8000,1
261,92700,258000,64.0,4031,4
262,92160,272000,62.02,4192,3
263,92230,199000,44.0,4523,3
264,92700,165000,24.0,6875,1
265,92260,79000,14.0,5429,1
266,92190,220000,55.0,4000,3
267,92700,149000,20.0,7450,1
268,92700,245000,42.07,5824,3
269,92500,219000,55.0,3982,2
270,92170,242000,41.0,5902,2
271,92600,275000,41.0,6707,2
272,92240,197000,26.0,7115,2
273,92140,179500,30.0,5983,2
274,92260,299000,69.0,4333,4
275,92100,180000,22.0,8182,1
276,92700,226000,65.0,3477,4
277,92600,219000,29.0,7552,1
278,92360,205000,56.0,3661,3
279,92700,290000,77.31,3751,4
280,92370,298000,56.0,5321,3
281,92370,280000,47.39,5908,2
282,92120,233200,22.08,9964,1
283,92100,175000,18.0,9722,1
284,92220,279500,41.0,6817,2
285,92600,203000,28.0,6978,2
286,92700,289000,70.0,4129,3
287,92360,220000,54.0,4074,3
288,92600,259000,32.0,7781,1
289,92600,239000,63.0,3651,3
290,92250,204900,25.0,8196,1
291,92700,170369,30.0,5679,2
292,92160,99000,18.0,5500,1
293,92400,295000,63.0,4296,3
294,92700,149900,33.0,4542,2
295,92400,169600,20.0,8000,1
296,92220,200000,29.0,6897,1
297,92130,275000,35.0,7857,2
298,92360,234000,62.0,3774,3
299,92260,224000,38.0,5895,2
300,92170,250000,30.22,7859,2
301,92100,199000,23.0,8217,1
302,92400,110000,17.0,6471,1
303,92350,250000,59.05,3997,3
304,92700,199000,26.56,7492,2
305,92700,270000,52.24,5168,2
306,92360,237000,56.0,4232,3
307,92210,285000,37.0,7703,2
308,92700,200000,52.86,3784,3
309,92160,231000,52.88,4160,3
310,92230,196000,55.0,3564,3
311,92700,170369,30.0,5679,2
312,92700,250000,74.0,3378,4
313,92220,260000,44.0,5909,2
314,92290,255000,57.0,4302,3
315,92600,140000,25.0,5600,2
316,92600,190000,28.56,6653,2
317,92160,270000,46.0,5587,2
318,92500,269000,36.0,7083,1
319,92500,297000,46.0,6457,2
320,92500,232000,28.0,8286,1
321,92150,238 000 à 277 000 €,24 à 27 m²,8286,1
322,92320,252 000 à 284 000 €,27 à 31 m²,8286,1
323,92250,285000,28.0,10200,1
324,92700,285 001 à 299 147 €,45 à 46 m²,10200,2
325,92130,299000,23.0,1300,3
326,92600,285000,47.0,6064,2
327,92000,180000,27.0,6667,2
328,92120,249900,30.5,7869,2
329,92160,292500,67.0,4179,4
330,92330,207000,32.37,6395,1
331,92600,285000,34.83,8183,2
332,92120,289000,48.24,5701,2
333,92000,300000,49.13,5862,2
334,92320,299000,58.0,5155,3
335,92700,260000,68.4,3582,3
336,92120,255000,34.0,7206,2
337,92170,269000,22.93,11700,1
338,92260,265 000 à 299 000 €,32 à 44 m²,11700,1 à 2 pièces
339,92290,249000,64.0,3891,4
340,92700,110000,14.45,7612,1
341,92600,235000,42.0,5595,2
342,92700,225000,37.0,6081,2
343,92700,299000,49.42,6050,3
344,92700,139000,22.0,6318,1
345,92290,210000,64.0,3281,4
346,92150,300000,61.0,4918,3
347,92390,129000,27.0,4778,1
348,92600,190000,27.55,6897,2
349,92270,239000,36.0,6639,2
350,92150,297000,37.1,8005,2
351,92250,297000,49.0,5878,3
352,92600,203000,29.85,6533,2
353,92270,235000,43.0,5465,2
354,92100,279000,25.12,10600,1
355,92360,250000,67.0,3731,4
356,92320,299000,60.0,4983,3
357,92700,270000,46.0,5870,2
358,92500,294000,66.56,4207,4
359,92600,285000,45.0,6017,3
360,92360,270000,74.0,3649,4
361,92100,240000,27.0,8889,1
362,92500,295000,59.0,5000,3
363,92700,220000,54.08,4068,3
364,92120,223000,29.23,7629,1
365,92140,189000,24.74,7276,2
366,92700,243000,42.71,5690,2
367,92600,213500,30.0,7117,2
368,92600,169000,25.0,6760,2
369,92600,175000,24.0,7292,2
370,92600,230000,35.0,6571,2
371,92290,230000,60.0,3833,3
372,92700,179000,47.36,3780,3
373,92600,255000,37.0,6892,2
374,92800,294000,31.0,9484,2
375,92600,290000,80.0,3625,3
376,92120,200340,43.0,4395,2
377,92360,249500,66.0,3780,4
378,92130,285000,38.0,7246,2
379,92300,200000,20.0,1000,1
380,92700,172000,24.0,7167,1
381,92290,299000,88.0,3256,4
382,92700,199000,54.0,3685,3
383,92160,259000,66.56,3891,3
384,92160,269000,66.03,4074,3
385,92290,188000,24.6,7439,2
386,92700,219000,57.0,3842,3
387,92290,89000,12.0,7417,1
388,92150,227000,27.0,8407,1
389,92150,285000,55.0,5182,2
390,92150,283000,31.12,9094,1
391,92140,290000,52.0,5577,3
392,92140,273500,66.21,3944,4
393,92190,218000,35.0,6229,1
394,92600,299000,37.0,8081,2
395,92290,289000,63.0,4413,3
396,92270,244000,38.0,6421,2
397,92130,300000,25.0,1200,1
398,92360,207900,56.0,3713,3
399,92120,295000,37.0,7973,2
400,92360,259000,70.0,3541,4
401,92310,290000,45.0,6444,3
402,92290,239000,43.0,5558,2
403,92380,286 000 à 295 000 €,26.0,1100,1
404,92700,265000,48.21,5497,2
405,92360,213000,45.0,4733,2
406,92110,199000,21.22,9378,1
407,92110,285000,39.0,7308,2
408,92210,292000,37.0,7892,2
409,92130,87000,15.0,5800,1
410,92160,168000,30.0,5600,1
411,92100,191000,19.0,10100,1
412,92320,289000,47.0,6149,3
413,92500,210000,65.37,3060,3
414,92350,220000,28.0,7857,1
415,92130,219000,24.0,9125,1
416,92700,289000,46.03,6279,3
417,92100,225000,27.3,7875,1
418,92100,191000,19.0,10100,1
419,92160,211000,38.02,5550,2
420,92160,277000,64.58,4289,3
421,92360,235000,56.0,4196,3
422,92600,259000,39.6,6540,2
423,92000,100000,17.0,5882,1
424,92360,204000,56.0,3643,3
425,92350,279000,50.0,5580,3
426,92360,233500,71.62,3260,4
427,92290,260000,60.0,4333,3
428,92500,248000,30.0,8267,1
429,92140,76000,18.0,4222,1
430,92000,141750,25.3,5336,1
431,92100,258960,31.0,8354,1
432,92700,280000,52.76,5307,3
433,92700,185000,32.0,5313,3
434,92390,165000,31.0,5323,1
435,92100,269000,31.41,8118,2
436,92500,60000,9.0,6667,1
437,92300,296000,32.0,8906,2
438,92500,240000,64.0,3750,4
439,92140,250000,42.59,5689,2
440,92140,224000,73.0,3068,4
441,92250,235000,35.0,6714,2
442,92700,278000,46.0,6043,3
443,92290,299000,59.0,5068,3
444,92370,224000,2 pièces,5068,1 chambre
445,92120,217000,31.0,7000,1
446,92600,295000,45.7,6455,2
447,92230,268000,56.0,4786,4
448,92140,273000,36.29,7302,2
449,92000,124909,21.0,5948,1
450,92600,300000,46.0,6239,2
451,92160,270000,73.16,3691,3
452,92600,à partir de 249 000 €,22 à 28 m²,3691,1
453,92100,158000,17.51,8567,1
454,92120,199000,28.69,6623,2
455,92140,99000,18.0,5500,1
456,92330,à partir de 280 000 €,28 m² min,5500,1
457,92320,275000,39.58,6620,2
458,92700,265 000 à 275 000 €,28 à 48 m²,6620,1 à 2 pièces
459,92600,à partir de 259 200 €,29.0,6620,1
460,92260,à partir de 192 000 €,31 à 48 m²,6620,1 à 2 pièces
461,92700,296000,41.6,7115,2
462,92600,245000,38.26,6404,2
463,92160,294000,67.24,4372,4
464,92000,159500,28.35,5291,1
465,92290,279000,73.0,3822,4
466,92390,300000,86.0,3488,4
467,92350,235000,64.0,3514,4
468,92100,270000,28.0,9643,1
469,92700,275000,45.0,6111,2
470,92000,200000,28.0,7143,2
471,92600,290000,48.0,6042,2
472,92700,278000,56.0,4964,3
473,92300,225000,25.0,9000,1
474,92600,106000,18.0,5889,1
475,92000,122900,19.0,6468,1
476,92380,279000,48.0,5604,2
477,92310,285000,66.0,4318,3
478,92100,230000,19.0,11600,1
479,92110,139000,16.0,8063,1
480,92110,195000,25.0,7400,2
481,92110,275000,34.0,7735,1
482,92320,293000,56.03,5229,3
483,92400,290000,45.0,6444,2
484,92600,100000,18.0,5556,1
485,92600,200000,37.0,5405,2
486,92700,190000,25.24,7528,1
487,92700,280000,52.0,5385,3
488,92120,222000,33.37,6443,2
489,92600,267000,39.0,6538,2
490,92360,230000,69.0,3333,4
491,92140,299000,42.4,7052,3
492,92240,300000,41.46,7236,2
493,92130,215000,23.8,8613,1
494,92130,250000,26.96,8902,1
495,92360,199000,56.0,3554,3
496,92320,259500,44.46,5646,2
497,92340,289000,62.0,4435,2
498,92130,294000,44.0,6500,2
499,92600,155000,23.0,6304,1
500,92290,240000,60.0,3828,2
501,92350,290000,67.0,4182,4
502,92600,282000,38.0,7105,2
503,92210,80000,9.0,8356,1
504,92230,248000,47.71,4998,3
505,92600,271000,82.0,3173,4
506,92320,289000,45.0,6422,3
507,92600,295000,74.0,3833,3
508,92600,298000,79.0,3633,4
509,92130,185000,18.0,10300,1
510,92400,235000,30.0,7833,1
511,92350,279000,60.0,4650,3
512,92700,175000,36.0,4861,2
513,92290,299000,65.0,4600,3
514,92260,265000,67.0,3955,3
515,92360,210000,56.0,3750,3
516,92160,239000,64.0,3734,3
517,92700,257250,61.0,4016,2
518,92320,282000,63.0,4476,3
519,92120,189000,25.86,6922,1
520,92600,155000,20.0,7750,1
521,92140,143000,26.0,5192,2
522,92150,199000,23.0,8217,1
523,92700,275000,62.0,4435,3
524,92310,240000,26.0,9231,1
525,92130,250000,32.0,7438,2
526,92600,275000,42.0,6310,1
527,92250,210000,31.95,6573,2
528,92700,235000,41.95,5602,2
529,92160,255000,74.36,3429,4
530,92500,290000,46.13,6048,3
531,92100,296000,28.76,9709,1
532,92240,195000,27.0,7222,1
533,92600,250000,42.0,5952,2
534,92160,259000,55.0,4528,3
535,92170,290000,38.57,7343,2
536,92100,275000,38.31,6787,2
537,92600,183750,29.0,6336,1
538,92000,209000,29.0,7207,1
539,92500,229000,51.0,4314,3
540,92310,230000,30.0,7667,1
541,92360,239000,62.0,3855,3
542,92200,180000,15.0,1200,1
543,92600,185000,24.86,7442,2
544,92360,294000,94.0,2979,5
545,92150,282900,39.0,6923,2
546,92800,282900,39.0,6923,2
547,92290,125000,18.67,6695,1
548,92350,229000,55.0,4164,3
549,92500,290000,51.0,5686,3
550,92300,180000,22.75,7473,1
551,92290,187000,30.0,6000,1
552,92250,225000,29.0,7414,1
553,92700,229900,77.0,2986,4
554,92140,256000,35.0,7314,1
555,92140,273000,44.0,5909,2
556,92100,265000,51.53,5143,2
557,92190,140000,15.0,9333,1
558,92100,265000,25.0,10600,2
559,92120,106038,26.0,4078,1
560,92400,142000,21.64,6562,1
561,92600,274000,62.29,4174,3
562,92100,236000,22.31,10600,1
563,92240,95000,13.0,7308,1
564,92140,185000,28.31,6535,2
565,92230,150000,22.0,6818,1
566,92160,292000,58.12,4818,3
567,92160,260500,67.02,3656,3
568,92700,295000,40.0,7375,2
569,92360,145000,27.0,5370,1
570,92140,139900,21.0,6662,2
571,92400,250000,32.0,7813,1
572,92700,236500,73.0,3240,3
573,92320,219000,25.0,8760,2
574,92600,285000,35.0,8143,2
575,92300,245000,23.0,10700,2
576,92330,280000,27.0,10400,1
577,92290,178000,39.0,4564,2
578,92260,299000,64.0,4453,4
579,92600,150000,32.55,4608,1
580,92700,230000,26.0,8846,2
581,92360,231000,64.0,3438,4
582,92320,169600,22.87,7171,1
583,92700,255000,35.56,7171,2
584,92300,299000,32.09,9006,2
585,92390,300000,86.0,3488,4
586,92270,180000,26.0,6923,2
587,92400,250000,30.0,8067,1
588,92000,232000,44.0,5273,2
589,92170,178500,20.65,8232,1
590,92240,166000,15.07,1100,1
591,92240,249400,29.03,8095,2
592,92100,189000,15.0,12600,1
593,92360,299990,94.0,3191,5
594,92600,75000,8.0,8375,1
595,92360,212500,70.0,3036,4
596,92140,275000,42.01,6332,2
597,92100,299500,29.07,10300,1
598,92700,225000,41.0,5488,2
599,92600,287000,64.0,4484,3
600,92290,208000,35.0,5943,2
601,92320,252 000 à 284 000 €,28 à 31 m²,5943,1
602,92250,285000,25.26,11300,1
603,92110,205000,21.22,9213,1
604,92320,198000,42.0,4714,2
605,92000,249000,41.54,5705,2
606,92000,255000,42.98,5933,2
607,92600,268000,36.43,7357,2
608,92600,295000,40.01,7123,2
609,92110,299000,33.0,8788,2
610,92100,58000,6.0,9667,1
611,92600,150000,20.0,7500,1
612,92500,298000,66.12,4507,3
613,92130,299000,35.14,8167,1
614,92700,294000,58.0,5069,3
615,92700,150000,18.43,8139,1
616,92150,240000,34.0,7059,1
617,92300,280000,33.0,8485,2
618,92110,240000,32.19,7456,2
619,92270,76000,10.0,7600,1
620,92500,200000,29.0,6897,1
621,92000,295900,55.0,5380,3
622,92100,190000,14.57,1300,1
623,92600,120000,15.66,7663,1
624,92200,260000,25.0,10400,2
625,92320,279000,29.0,9621,1
626,92100,295000,33.67,8762,2
627,92290,289000,67.0,4313,3
628,92300,260000,26.68,9370,2
629,92600,245000,41.42,5915,2
630,92120,118250,25.0,4730,1
631,92600,85000,11.0,7727,1
632,92160,189900,51.0,3724,3
633,92160,229000,62.56,3660,4
634,92700,295000,48.0,6146,2
635,92600,190000,25.61,7419,2
636,92140,240000,36.87,6509,2
637,92250,290000,45.0,6444,2
638,92600,235000,43.23,5436,3
639,92160,269000,64.0,3984,3
640,92200,127800,13.17,9704,1
641,92160,279000,62.79,4443,3
642,92290,179000,34.0,5265,1
643,92600,249000,34.0,7049,2
644,92140,250000,44.0,5409,2
645,92170,299000,43.12,6667,2
646,92200,175000,20.0,8750,1
647,92600,144500,19.48,7418,1
648,92330,174000,22.76,7645,1
649,92360,283000,82.0,3293,5
650,92120,200000,27.0,7222,1
651,92120,200000,27.0,7222,1
652,92170,180000,22.0,8182,1
653,92100,209000,24.42,8229,1
654,92170,177915,21.0,8472,1
655,92170,294915,54.0,5461,2
656,92300,85000,9.0,9444,1
657,92310,244505,42.0,5822,2
658,92600,200000,30.78,6498,2
659,92600,217000,29.17,7439,1
660,92330,121600,14.0,8686,1
661,92700,275000,51.26,5365,3
662,92390,170000,43.0,3953,2
663,92260,285990,67.0,4104,3
664,92340,239 000 à 277 000 €,24 à 31 m²,4104,1
665,92290,269000,33.15,8115,1
666,92260,289000,66.68,4079,4
667,92300,295000,34.0,8344,2
668,92360,161000,46.0,3500,2
669,92400,275000,37.0,7432,2
670,92130,177000,20.0,8500,1
671,92360,260000,78.0,3333,4
672,92700,142000,22.0,6136,1
673,92390,250000,60.0,4167,3
674,92700,175000,26.0,6731,1
675,92410,215000,27.0,7963,1
676,92600,220000,26.25,8381,2
677,92260,268000,40 à 51 m²,8381,2
678,92700,219000,67.53,3125,3
679,92700,280000,58.0,4828,3
680,92700,150000,31.86,4708,2
681,92320,280000,41.0,6630,2
682,92600,299000,40.0,7257,2
683,92260,269000,46.0,5587,2
684,92700,189000,33.0,5455,2
685,92160,199000,35.0,5686,2
686,92350,255000,67.07,3802,4
687,92270,299000,43.0,6953,3
688,92360,165000,45.0,3667,2
689,92160,168000,27.0,6222,1
690,92290,260000,34.73,7486,1
691,92100,150000,12.0,12100,1
692,92360,249000,62.0,3839,3
693,92100,291000,33.0,8818,2
694,92160,259000,57.0,4544,3
695,92140,290000,60.73,4775,3
696,92600,265000,40.0,6625,2
697,92240,120000,20.0,6000,1
698,92100,80000,9.01,8879,1
699,92600,285000,35.0,8143,2
700,92130,299000,35.0,8543,2
701,92130,267800,31.0,8639,2
702,92100,154000,12.0,12100,1
703,92190,177500,27.0,6574,2
704,92260,249000,52.47,4541,3
705,92160,281000,49.83,5418,2
706,92270,189000,30.0,6300,1
707,92170,250000,25.0,1000,1
708,92190,95000,17.0,5588,1
709,92190,105000,15.0,7000,1
710,92190,116000,20.0,5800,1
711,92170,250000,29.0,8329,1
712,92360,252000,76.0,3158,4
713,92600,130000,2150 € de rente mensuelle,Rente : 2 150 €/mois,Âge du crédirentier : 72
714,92700,160000,20.01,7996,1
715,92340,95000,13.0,6692,1
716,92130,299000,24.0,12500,1
717,92330,298000,52.98,5625,3
718,92290,293000,41.0,7146,2
719,92600,249000,55.0,4527,3
720,92320,280000,42.0,6667,2
721,92260,249000,67.68,3517,3
722,92400,299000,49.95,5746,2
723,92130,159400,17.24,8695,1
724,92100,180000,22.68,7496,1
725,92400,265000,36.0,7361,3
726,92150,265000,33.0,8030,1
727,92360,212000,56.0,3786,3
728,92360,73000,11.0,6636,1
729,92160,285000,71.4,3824,4
730,92360,200000,55.0,3636,3
731,92240,138000,23.0,6000,1
732,92110,283000,31.0,9129,2
733,92400,273000,32.0,8531,1
734,92700,233000,49.0,4755,2
735,92200,102000,9.0,10200,1
736,92700,110000,13.0,8462,1
737,92600,289000,37.34,7740,2
738,92240,250000,38.0,6579,2
739,92600,250000,32.0,7813,1
740,92600,250000,32.0,7813,2
741,92500,299990,3 pièces,7813,1 chambre
742,92500,170000,25.0,6800,1
743,92390,270000,68.0,3971,3
744,92240,300000,45.44,6272,3
745,92240,138000,21.0,6571,1
746,92000,220000,43.0,5116,2
747,92000,220000,43.0,5116,2
748,92120,279000,34.49,7683,2
749,92160,189000,51.0,3706,2
750,92600,258500,41.0,6305,1
751,92160,211000,38.0,5342,2
752,92110,259000,34.0,7176,2
753,92140,224000,54.8,4088,3
754,92130,249000,28.0,8607,2
755,92800,229000,26.1,8774,1
756,92600,175000,24.0,7292,1
757,92000,249900,43.0,5812,2
758,92300,292000,34.0,8588,3
759,92700,185000,39.0,4744,2
760,92500,140000,45.0,3111,2
761,92220,à partir de 246 000 €,34 m² min,3111,1
762,92400,285000,38.0,7500,2
763,92120,245000,36.06,6794,2
764,92360,212700,56.0,3798,3
765,92600,274000,39.0,7026,2
766,92700,249000,47.0,5298,2
767,92390,130000,44.0,2773,2
768,92360,205000,57.0,3596,3
769,92140,258000,32.0,8063,1
770,92270,239000,40.0,5745,2
771,92200,189800,13.0,13800,1
772,92360,185000,56.0,3304,3
773,92400,250000,27.0,8889,1
774,92350,265000,39.41,6724,2
775,92400,267000,36.11,7394,1
776,92700,189000,64.0,2953,3
777,92700,210000,26.0,8077,2
778,92160,299000,63.0,4746,3
779,92310,110000,18.0,6111,1
780,92320,252 000 à 284 000 €,28 à 31 m²,6111,1
781,92100,265000,27.0,9444,1
782,92600,275000,44.0,6250,2
783,92130,300000,37.6,7620,1
784,92700,244000,43.12,5659,2
785,92160,249000,47.77,4961,3
786,92300,243000,39.0,5905,2
787,92210,267000,24.55,10900,46 m² de terrain
788,92150,287000,37.21,7390,2
789,92320,246500,41.0,6012,2
790,92500,263000,38.0,6921,2
791,92200,262000,21.4,11800,1
792,92240,300000,31.0,9677,2
793,92290,296000,36.52,8105,2
794,92400,177117,25.0,7085,1
795,92100,207000,25.0,7812,1
796,92100,248850,27.0,9217,2
797,92500,169000,28.3,5972,1
798,92500,189000,28.38,6660,1
799,92320,299000,55.33,5404,2
800,92320,195000,29.0,6724,1
801,92600,290000,44.0,6591,3
802,92600,230050,37.25,5772,2
803,92100,140000,16.0,8138,1
804,92120,295000,35.57,8012,2
805,92700,240000,40.0,6000,1
806,92500,294000,64.53,4339,3
807,92100,273000,26.0,10500,2
808,92300,97000,9.15,9727,1
809,92150,250000,34.0,7353,2
810,92150,265000,39.03,6790,2
811,92600,279000,38.0,7105,2
812,92170,234000,25.0,8800,1
813,92170,259000,51.2,4785,2
814,92500,235000,52.68,4252,3
815,92320,241000,35.0,6571,1
816,92320,284000,51.51,5513,3
817,92140,289000,52.51,5504,2
818,92320,231000,39.39,5864,2
819,92320,249000,51.87,4800,3
820,92320,279000,51.69,5398,3
821,92320,299000,50.0,5980,3
822,92340,133000,22.54,5901,1
823,92100,259000,25.0,1000,2
824,92400,220000,27.0,8148,1
825,92410,270000,47.0,5489,2
826,92130,254500,38.0,6487,2
827,92600,232000,44.0,5000,2
828,92700,229000,54.0,4094,3
829,92110,139000,15.0,9267,1
830,92600,239000,32.44,7367,2
831,92500,279000,63.0,4429,3
832,92190,295000,60.0,4917,3
833,92160,273000,63.0,4333,3
834,92700,289000,42.01,6879,2
835,92360,87000,13.0,6692,1
836,92140,246000,32.23,7633,2
837,92160,285000,58.0,4914,3
838,92160,200000,43.0,4651,2
839,92600,210000,26.0,7692,1
840,92600,210000,26.0,7692,1
841,92600,245000,32.0,7344,1
842,92600,75000,8.62,8701,1
843,92230,190000,37.0,5135,2
844,92600,229000,62.0,3694,3
845,92360,194000,55.0,3364,3
846,92500,265000,28.0,9464,6 m² de terrain
847,92160,184000,44.0,4182,2
848,92360,190000,56.0,3393,3
849,92130,299000,35.79,8354,2
850,92210,139000,15.0,9267,1
851,92350,266000,36.0,7111,2
852,92240,225000,26.0,8654,1
853,92600,275000,40.0,6875,2
854,92130,199000,23.27,8552,2
855,92130,284000,27.02,1000,1
856,92600,200000,37.0,5405,2
857,92000,209000,28.7,7282,1
858,92400,185000,21.12,8759,1
859,92220,248000,51.27,4584,3
860,92140,229000,46.48,4927,2
861,92000,199000,29.0,6862,1
862,92100,250000,30.14,7797,2
863,92700,295000,48.0,6146,2
864,92100,179500,19.0,9447,1
865,92700,296000,41.0,7220,2
866,92250,220000,25.0,8800,2
867,92120,245000,36.0,6806,2
868,92500,160000,49.0,3061,2
869,92350,230000,54.56,4216,3 m² de terrain
870,92170,240000,38.0,6316,2
871,92170,248000,30.74,7807,2
872,92130,248000,30.74,7807,2
873,92130,199000,23.62,8425,1
874,92500,225000,30.0,7500,1
875,92140,289000,52.51,5504,3
876,92600,249000,32.0,7781,2
877,92160,186000,26.53,6581,1
878,92140,241500,53.0,4557,2
879,92700,296000,69.0,4290,4
880,92160,279000,60.0,4650,3
881,92350,275000,52.0,5192,3
882,92600,200000,32.0,6250,2
883,92160,294000,59.0,4983,3
884,92200,245000,30.06,8150,2
885,92350,231000,34.0,6324,1
886,92350,169500,30.8,5195,1
887,92350,169500,30.8,5195,1
888,92230,285000,43.0,6628,2
889,92230,285000,43.0,6628,2
890,92300,208000,26.6,7519,1
891,92130,298000,39.4,7360,2
892,92250,276000,39.03,7071,2
893,92000,195000,34.33,5389,2
894,92250,276000,39.03,7071,2
895,92140,245000,29.58,8283,1
896,92230,289000,80.0,3613,4
897,92140,149000,17.42,8152,1
898,92120,249500,38.0,6368,2
899,92700,175000,30.0,5833,3
900,92000,199500,30.0,6650,2
901,92400,276000,28.2,9321,1
902,92160,225000,31.0,7258,1
903,92110,283250,41.0,6909,2
904,92170,230000,26.0,8846,1
905,92400,245000,37.85,6156,2
906,92230,158000,34.96,4519,2
907,92000,179000,29.4,5816,1
908,92270,208650,31.75,6572,2
909,92600,299000,47.0,6362,3
910,92340,195000,25.0,7400,2
911,92240,290000,38.55,7523,2
912,92290,165000,27.0,6111,1
913,92360,214000,55.0,3727,3
914,92700,240000,46.0,5217,2
915,92170,262000,30.0,8733,1
916,92300,300000,29.0,1000,1
917,92120,287000,44.19,6495,2
918,92220,267750,56.0,4554,3
919,92500,295000,50.0,5900,3
920,92160,262000,42.0,5952,2
921,92320,262000,66.81,3742,3
922,92600,280000,43.0,6279,3
923,92400,197000,24.8,7460,1
924,92600,170000,21.0,8095,1
925,92290,296000,36.52,8105,2
926,92700,250000,47.0,5319,2
927,92400,177117,24.72,7165,1
928,92400,239000,28.91,7949,1
929,92500,300000,54.98,5457,3
930,92330,159000,27.0,5630,1
931,92260,170000,30.03,5328,2
932,92150,247000,33.02,7480,1
933,92130,278000,24.1,11200,1
934,92360,231000,69.0,3188,4
935,92270,139500,20.88,6681,1
936,92210,300000,36.7,7898,2
937,92230,239000,71.7,3333,3
938,92140,300000,78.86,3804,4
939,92160,175000,32.0,5469,1
940,92320,80000,9.0,7778,1
941,92140,205000,35.66,5749,2
942,92160,289000,45.0,6422,2
943,92500,250000,46.87,5104,2
944,92100,260000,25.84,9675,1
945,92600,300000,42.0,7143,2
946,92600,300000,42.0,7143,2
947,92360,231000,65.0,3385,3
948,92100,166000,16.67,9418,1
949,92290,157000,26.0,6038,1
950,92500,235000,30.0,7833,1
951,92290,170000,37.0,4595,1
952,92100,299000,26.58,10700,1
953,92380,295000,43.37,6540,2
954,92270,132500,17.01,7790,1
955,92600,110603,18.42,6005,1
956,92400,238135,28.44,8373,1
957,92000,268000,55.16,4859,3
958,92300,57000,12.23,4088,1
959,92140,162000,31.08,5212,2
960,92250,285000,29.0,9828,1
961,92700,207000,33.0,6273,1
962,92140,290000,47.0,6170,2
963,92600,262000,38.31,6526,2
964,92500,160000,49.11,3258,2
965,92210,277000,25.0,10600,1
966,92130,159000,19.0,8368,1
967,92130,280000,31.1,9003,1
968,92270,147000,21.0,7000,1
969,92400,279900,37.0,7565,2
970,92600,152000,21.0,7238,1
971,92000,229900,35.0,6569,1
972,92400,300000,34.0,8824,1
973,92500,160000,27.0,5926,2
974,92290,288000,61.61,4675,3
975,92300,211000,39.71,5037,1
976,92600,190000,30.0,6333,2
977,92600,251000,40.0,6275,2
978,92700,253000,42.0,5690,2
979,92350,280000,59.55,4702,6 m² de terrain
980,92600,209000,30.0,6967,2
981,92170,280000,53.13,5059,3
982,92110,189000,26.0,7269,1
983,92600,149000,22.0,6773,1
984,92600,135000,15.0,9000,1
985,92260,282000,68.1,3994,4
986,92300,230000,21.0,10500,1
987,92600,264000,46.0,5739,3
988,92360,174000,55.0,3000,3
989,92000,175000,26.6,6241,1
990,92130,230000,36.5,6301,2
991,92160,273000,57.42,4754,3
992,92600,152000,23.0,6609,1
993,92260,264000,57.29,4364,3
994,92700,229000,54.0,4167,2
995,92700,279000,47.0,5936,2
996,92000,268000,61.0,4393,3
997,92360,220500,56.0,3750,3
998,92400,253000,32.0,7594,2
999,92360,190000,57.8,3114,3
1000,92360,259000,75.33,3438,4
1001,92230,215000,40.0,5375,2
1002,92000,260000,40.75,6380,3
1003,92170,290000,38.0,7237,2
1004,92120,265000,40.01,6373,2
1005,92300,170000,22.58,7529,1
1006,92500,225000,30.0,7500,1
1007,92220,295000,63.0,4444,4
1008,92190,299000,50.0,5723,2
1009,92700,165000,35.0,4714,2
1010,92110,185000,23.0,8043,2
1011,92100,239000,28.38,7928,1
1012,92500,299000,67.0,4463,3
1013,92380,250000,37.0,6514,2
1014,92350,249000,42.0,5646,2
1015,92320,263000,35.0,7514,1
1016,92500,270000,55.0,4909,3
1017,92800,245000,32.0,7656,2
1018,92140,199000,31.03,6413,1
1019,92330,295000,39.0,7256,2
1020,92120,145000,27.33,4940,1
1021,92100,200000,19.0,10500,1
1022,92600,273000,78.0,3500,4
1023,92000,259900,48.5,5359,3
1024,92150,253434,Âge de la crédirentière : 77,5359,57 m²
1025,92400,299000,33.0,9061,2
1026,92330,260000,26.33,9875,1
1027,92000,232500,46.69,4980,3
1028,92170,285000,38.0,7500,2
1029,92270,132500,17.01,7349,1
1030,92600,210000,28.0,7143,2
1031,92160,275000,68.6,3834,4
1032,92600,150000,22.0,6818,2
1033,92270,169000,18.72,9028,18 m² de terrain
1034,92240,240000,52.0,4423,3
1035,92210,80000,14.5,5517,1
1036,92600,169000,23.0,7348,2
1037,92170,299000,41.0,7098,2
1038,92130,230000,36.5,6301,2
1039,92600,200000,24.0,8333,1
1040,92390,169900,65.0,2614,4
1041,92290,221000,43.0,5140,2
1042,92600,227000,35.97,6311,2
1043,92360,295000,76.0,3688,4
1044,92700,204104,21.0,9719,1
1045,92390,219000,78.0,2808,4
1046,92140,256000,54.79,4672,3
1047,92220,295000,70.0,4214,4
1048,92110,233500,32.6,6902,2
1049,92250,276000,39.0,7077,3
1050,92130,130000,12.16,10100,1
1051,92600,150000,18.0,8000,1
1052,92600,292000,79.0,3696,4
1053,92210,129000,16.0,8063,1
1054,92270,195000,34.0,5515,2
1055,92160,157500,44.18,3565,2
1056,92000,167000,22.0,7591,1
1057,92160,299000,63.0,4746,3
1058,92110,260000,34.0,7647,2
1059,92140,240000,30.0,8000,2
1060,92700,175000,30.0,5833,1
1061,92360,281000,87.09,3073,5
1062,92190,75000,11.0,6818,1
1063,92120,188400,19.0,9916,1
1064,92600,249000,44.0,5659,2
1065,92700,259500,53.68,4657,3
1066,92120,45000,12.39,3305,1
1067,92000,264900,62.0,4273,3
1068,92500,299990,60.34,4806,3
1069,92500,164000,19.0,8158,1
1070,92330,294000,50.0,5880,2
1071,92700,169000,29.48,5326,2
1072,92400,219000,32.0,6844,1
1073,92110,180000,21.53,7896,1
1074,92110,199000,26.52,7164,2
1075,92800,169000,20.0,8000,1
1076,92200,201400,15.0,12700,1
1077,92500,180000,27.72,6494,1
1078,92300,153700,14.0,1100,1
1079,92270,300000,45.0,6667,2
1080,92360,209000,55.0,3636,3
1081,92500,288000,53.62,5371,3
1082,92230,243000,66.51,3654,4
1083,92310,260000,51.0,5098,2
1084,92700,185000,39.01,4742,2
1085,92600,294500,37.0,7959,2
1086,92600,215000,41.72,5153,2
1087,92340,299000,61.02,4671,4
1088,92000,199900,30.13,6635,1
1089,92100,149000,15.0,9933,1
1090,92160,211000,38.02,5339,2
1091,92500,243000,36.0,6389,1
1092,92000,290000,67.0,4328,3
1093,92270,230000,43.0,5349,2
1094,92600,269000,60.0,4333,3
1095,92700,210000,68.0,3088,3
1096,92130,295000,38.0,7368,2
1097,92110,187000,31.0,5742,1
1098,92400,263000,32.0,7906,2
1099,92170,249000,31.5,7587,2
1100,92130,228000,25.25,9030,2
1101,92500,220000,67.0,3284,3
1102,92700,149000,24.0,6208,1
1103,92140,299000,51.76,5777,3
1104,92100,281800,31.0,8710,2
1105,92320,239400,32.05,7114,2
1106,92140,274900,79.0,3480,5
1107,92140,230000,43.0,5116,2
1108,92230,250000,80.0,3125,4
1109,92130,242500,29.0,8362,1
1110,92100,295000,32.2,9161,2
1111,92160,226000,42.64,5300,2
1112,92210,250000,41.0,5854,2
1113,92270,259000,38.0,6816,2
1114,92000,220000,33.71,6526,2
1115,92150,295000,50.0,5620,2
1116,92600,199000,25.0,7960,1
1117,92500,210000,54.0,3722,3
1118,92600,75000,8.06,8685,1
1119,92500,189000,26.0,6923,2
1120,92600,239000,34.0,7029,2
1121,92290,210000,46.06,4342,2
1122,92130,138800,17.35,7493,1
1123,92340,280000,49.54,5652,3
1124,92360,219000,55.0,3818,3
1125,92400,269300,37.0,7135,2
1126,92000,164900,30.0,5497,2
1127,92600,127500,17.0,7500,2
1128,92500,219500,67.0,3276,3
1129,92500,265000,37.0,7162,2
1130,92350,à partir de 235 000 €,2 pièces,7162,Livraison 3e trim. 2025
1131,92100,299000,26.58,11300,1
1132,92500,240000,63.5,3780,4
1133,92000,285000,57.55,4952,3
1134,92320,238000,42.34,5432,2
1135,92500,181000,51.0,3333,2
1136,92000,286000,52.25,5263,3
1137,92700,153000,22.32,6855,1
1138,92140,258000,45.0,5444,2
1139,92700,272000,49.0,5551,2
1140,92300,259000,29.0,8414,1
1141,92400,269000,44.5,6045,2
1142,92700,235000,33.53,7009,2
1143,92500,240000,65.0,3462,3
1144,92250,240000,25.03,9588,1
1145,92600,180870,34.0,5320,2
1146,92140,184000,26.0,6731,1
1147,92290,264 800 à 280 800 €,46 à 48 m²,6731,2
1148,92500,240000,67.0,3358,3
1149,92300,298000,49.0,5714,2
1150,92300,257000,52.75,4645,2
1151,92600,233800,29.55,7912,1
1152,92200,134000,12.1,11100,1
1153,92500,220000,67.0,3060,3
1154,92300,256000,53.0,4577,2
1155,92370,294000,50.0,5880,2
1156,92130,296000,48.0,5875,2
1157,92160,168000,34.22,4676,1
1158,92140,295000,42.27,6979,2
1159,92230,265000,40.0,6625,2
1160,92600,255000,41.0,6000,2
1161,92100,194900,21.0,8810,1
1162,92200,120000,11.0,10900,1
1163,92220,179000,30.42,5884,1
1164,92500,230000,51.0,4314,3
1165,92320,271000,41.0,6610,2
1166,92170,206000,1 pièce,6610,Date de réalisation du DPE : 22 décembre 2021
1167,92600,230000,62.0,3710,3
1168,92200,270000,25.0,10800,1
1169,92600,285000,35.0,7886,1
1170,92310,280000,52.0,5385,2
1171,92380,250000,30.0,8333,2
1172,92130,155000,20.0,7750,1
1173,92170,200000,26.0,7692,1
1174,92170,106000,19.0,5263,1
1175,92250,130000,15.74,7624,1
1176,92370,195000,31.67,6157,1
1177,92170,299000,55.25,5158,3
1178,92240,236000,29.02,8132,2
1179,92110,245000,30.0,7667,2
1180,92320,249000,61.02,4081,3
1181,92330,277000,31.0,8935,1
1182,92170,109000,11.0,9909,1
1183,92360,195000,54.77,3560,3
1184,92300,200000,20.0,9600,1
1185,92170,225000,26.0,8654,2
1186,92600,249000,34.0,7324,2
1187,92600,280000,41.0,6592,2
1188,92270,283500,41.0,6915,2
1189,92500,231000,25.0,9240,1
1190,92350,294000,2 pièces,9240,Point de vente : 13 avenue Denis Papin 92350 Le-Plessis-Robinson
1191,92240,246750,30.0,7833,2
1192,92130,228000,25.25,9030,1
1193,92500,215000,31.0,6935,1
1194,92500,215000,31.0,6935,1
1195,92600,245000,27.75,8829,1
1196,92400,285000,42.0,6476,2
1197,92250,285000,28.69,9934,1
1198,92380,136000,20.0,6500,1
1199,92290,245000,46.35,4962,2
1200,92260,167000,26.0,6423,1
1201,92220,288000,40.0,7200,2
1202,92360,219000,55.0,3982,3
1203,92500,230000,66.0,3258,3
1204,92400,220000,27.1,8118,1
1205,92150,199000,23.28,8119,2
1206,92410,55000,9.03,6091,1
1207,92310,280000,52.0,5385,2
1208,92360,190000,43.0,4419,2
1209,92320,289000,45.83,6088,3
1210,92130,159000,19.0,8368,1
1211,92260,162000,26.0,6231,1
1212,92600,215000,35.0,6143,1
1213,92200,230000,23.0,1000,1
1214,92220,260000,60.0,4333,3
1215,92390,108000,22.0,4909,1
1216,92600,75000,8.0,8750,1
1217,92110,235000,29.0,7759,2
1218,92600,300000,88.0,3409,5
1219,92600,125000,18.0,6944,1
1220,92120,289000,42.0,6881,2
1221,92290,280000,69.0,4058,2
1222,92270,252000,27.45,9180,1
1223,92260,235000,56.0,4196,3
1224,92140,235000,28.13,8354,1
1225,92210,220000,34.0,6294,1
1226,92170,297000,54.74,5426,3
1227,92500,194000,30.76,6307,1
1228,92120,299900,32.68,8721,1
1229,92130,158500,20.0,7925,1
1230,92220,135000,22.0,6136,1
1231,92300,299000,35.0,8543,2
1232,92140,159000,23.63,6475,1
1233,92130,159000,17.11,8767,1
1234,92290,205000,44.0,4659,2
1235,92400,290000,45.25,6409,2
1236,92190,105000,15.96,6250,1
1237,92320,249000,38.0,6553,2
1238,92500,295000,46.75,6310,2
1239,92120,227150,Âge de la crédirentière : 79,4938,46 m²
1240,92600,255000,28.0,9107,1
1241,92250,235000,43.37,5418,2
1242,92230,239000,42.0,5690,2
1243,92200,185000,12.89,14300,1
1244,92350,265000,40.0,6625,2
1245,92350,265000,40.0,6625,2
1246,92110,172000,21.0,7762,2
1247,92600,255000,31.0,7903,1
1248,92600,197500,26.0,7596,2
1249,92170,267000,44.12,5780,2
1250,92200,210000,20.0,10500,1
1251,92400,300000,43.0,6644,2
1252,92120,225000,48.0,4406,2
1253,92290,261440,Âge de la crédirentière : 93,4753,55 m²
1254,92120,299000,32.0,9344,2
1255,92360,242000,64.0,3781,4
1256,92100,277000,32.0,8281,2
1257,92320,279000,61.11,4566,3
1258,92700,179900,21.8,8073,1
1259,92290,250000,53.0,4492,2
1260,92250,175000,24.0,7292,1
1261,92140,290000,80.0,3438,5
1262,92170,249000,33.25,7188,2
1263,92500,260000,41.0,6341,2
1264,92120,205000,28.0,7321,1
1265,92320,250000,31.0,8065,2
1266,92130,270000,27.06,9534,1
1267,92360,242000,63.0,3651,4
1268,92260,290000,70.0,3929,4
1269,92400,178135,28.0,6362,1
1270,92500,219440,29.0,7276,1
1271,92160,275000,68.0,4044,4
1272,92130,140000,17.0,8235,1
1273,92140,245000,29.77,8230,1
1274,92270,249000,28.0,8893,1
1275,92370,250000,36.0,6944,2
1276,92000,285000,40.36,7061,2
1277,92700,212000,Honoraires partagés entre acquéreur et vendeur,4511,47 m²
1278,92350,215000,35.9,5989,2
1279,92170,106000,12.78,7825,1
1280,92400,99000,11.19,8400,1
1281,92110,181900,27.17,6695,2
1282,92390,215000,71.55,3005,4
1283,92270,174000,26.48,6571,1
1284,92170,285000,39.0,7308,2
1285,92110,287000,41.21,6964,2
1286,92260,195000,39.0,5000,2
1287,92500,257250,44.15,5549,2
1288,92320,180000,29.0,6207,1
1289,92320,199000,29.86,6330,2
1290,92320,199000,29.86,6330,2
1291,92320,275900,60.0,4598,3
1292,92160,275900,60.0,4598,3
1293,92160,260000,55.0,4727,3
1294,92110,275000,33.0,8333,2
1295,92170,300000,45.95,6529,2
1296,92170,210000,26.4,7576,1
1297,92130,234000,24.47,9195,1
1298,92600,239000,32.0,7156,1
1299,92170,259500,34.07,7367,2
1300,92200,162000,15.0,10800,1
1301,92290,252000,41.13,6127,2
1302,92110,190000,29.0,6552,1
1303,92320,299000,56.0,5339,3
1304,92600,265000,40.0,6375,2
1305,92160,250000,65.98,3562,4
1306,92320,247500,48.68,5084,2
1307,92240,299000,43.0,6953,2
1308,92330,280000,27.6,10100,1
1309,92150,203000,21.0,9667,2
1310,92120,299000,36.0,8306,2
1311,92360,74000,13.0,5385,1
1312,92270,160000,19.0,8421,1
1313,92390,210000,55.0,3818,3
1314,92130,287000,31.16,9211,1
1315,92340,210000,30.55,6874,1
1316,92360,295000,77.0,3831,4
1317,92360,293000,78.0,3756,4
1318,92600,265200,29.0,9145,1
1319,92370,275000,50.36,5461,2
1320,92380,215000,29.0,7414,1
1321,92200,188000,15.0,12500,1
1322,92500,230000,26.84,8569,1
1323,92120,299000,37.23,8031,2
1324,92340,189000,24.0,7875,1
1325,92360,212000,56.68,3545,3
1326,92210,256500,52.0,4933,2
1327,92600,274000,39.0,6731,2
1328,92400,89000,10.0,8900,1
1329,92160,285000,58.33,4886,2
1330,92170,165000,19.93,7961,1
1331,92600,248000,38.26,6482,2
1332,92360,236000,61.0,3689,3
1333,92320,175000,25.54,6852,1
1334,92140,283000,53.0,5189,3
1335,92340,275000,66.0,4021,4
1336,92600,280000,43.0,6279,2
1337,92700,192000,44.8,4286,3
1338,92140,300000,45.24,6300,2
1339,92130,165000,16.7,9880,1
1340,92500,235000,37.5,6000,2
1341,92130,215000,22.0,9773,2
1342,92130,289900,35.8,7818,2
1343,92200,85000,8.6,9884,1
1344,92130,270000,30.0,9000,2
1345,92120,50000,2338 € de rente mensuelle,Rente : 2 338 €/mois,Âge du crédirentier : 84
1346,92220,275000,44.0,6250,2
1347,92220,299900,60.65,4740,3
1348,92600,148000,21.0,6667,2
1349,92170,189000,25.0,7200,1
1350,92270,300000,41.0,7317,3
1351,92300,299000,31.0,9283,2
1352,92250,199000,30.0,6633,2
1353,92170,230000,25.43,8651,2
1354,92700,110000,19.91,5525,1
1355,92170,299000,49.0,6102,3
1356,92370,215000,36.0,5972,2
1357,92200,262000,52.09,4780,2
1358,92500,260000,40.27,6456,2
1359,92340,228000,36.73,6207,2
1360,92250,265000,47.0,5638,2
1361,92400,299425,45.0,6654,2
1362,92210,250000,34.0,6937,2
1363,92120,199000,25.16,7552,1
1364,92600,270000,52.0,4933,2
1365,92500,137800,39.7,3275,1
1366,92240,230000,29.41,7820,2
1367,92310,218000,32.0,6813,1
1368,92360,219000,56.0,3911,3
1369,92130,229000,24.0,9167,1
1370,92120,259000,27.85,9300,1
1371,92600,299000,39.0,7410,2
1372,92190,262000,45.0,5822,3
1373,92250,260000,48.0,5208,3
1374,92170,260000,32.92,7631,1
1375,92350,288000,66.0,4212,4
1376,92110,300000,38.0,7895,2
1377,92700,290000,55.0,5273,2
1378,92700,142000,22.0,6455,1
1379,92380,294990,58.0,5086,3
1380,92600,200000,27.24,6608,1
1381,92260,298000,73.0,3918,3
1382,92220,290000,60.0,4833,3
1383,92370,255000,44.0,5795,2
1384,92800,295000,37.0,7973,2
1385,92370,151641,Âge du crédirentier : 67,3159,48 m²
1386,92220,199000,21.23,9374,1
1387,92140,274900,79.0,3480,5
1388,92600,245000,38.0,6211,2
1389,92300,277000,32.0,8656,2
1390,92230,295000,76.0,3882,4
1391,92700,219000,67.0,3269,3
1392,92110,274000,33.0,8030,2
1393,92330,295000,49.0,6020,2
1394,92160,169000,30.0,5633,1
1395,92130,289000,88.0,3284,3
1396,92200,56000,7.0,8000,1
1397,92150,196000,29.82,6204,1
1398,92600,241000,34.0,6765,2
1399,92300,259000,26.16,9557,2
1400,92250,86000,11.7,7350,1
1401,92230,138500,20.83,6649,1
1402,92250,290000,40.79,7110,2
1403,92600,260000,41.75,6228,2
1404,92250,122000,18.0,6778,1
1405,92250,122000,18.0,6778,1
1406,92270,265000,39.0,6538,2
1407,92160,157000,25.66,6118,1
1408,92600,239000,37.0,6459,2
1409,92150,272000,42.0,6476,2
1410,92400,284000,38.8,6830,1
1411,92370,257000,60.0,4083,2
1412,92290,149000,26.54,5614,1
1413,92140,190000,28.0,6429,2
1414,92370,283000,35.0,8086,2
1415,92250,139000,17.0,8176,1
1416,92500,276000,44.34,6225,2
1417,92500,276000,44.34,6225,2
1418,92600,155000,21.0,7381,1
1419,92140,261000,63.81,4090,4
1420,92500,200000,27.09,7383,2
1421,92150,169000,28.55,5604,1
1422,92210,297000,42.0,7071,2
1423,92190,285000,62.38,4386,4
1424,92600,230000,30.0,7450,2
1425,92500,195000,25.53,7638,1
1426,92130,145000,18.0,8056,1
1427,92250,279000,44.0,6341,3
1428,92100,230000,27.0,8111,1
1429,92360,87000,13.0,6385,1
1430,92700,243313,31.6,7700,1
1431,92350,245000,54.46,4499,3
1432,92260,250000,41.05,6090,2
1433,92700,179000,27.63,6478,1
1434,92250,126000,15.0,8400,1
1435,92250,110000,13.0,8462,1
1436,92700,269500,41.0,6573,2
1437,92360,209000,56.0,3732,3
1438,92500,230000,23.43,9816,1
1439,92600,250000,31.0,7742,1
1440,92110,281200,Âge de la crédirentière : 83,4463,63 m²
1441,92400,215000,24.0,8958,1
1442,92320,274000,49.0,5592,2
1443,92120,110000,13.0,7692,1
1444,92220,300000,75.0,4000,4
1445,92160,160000,25.66,5846,1
1446,92390,169000,56.0,3018,3
1447,92190,289000,42.01,6879,2
1448,92150,282000,41.95,6433,1
1449,92290,250000,62.77,3823,2
1450,92600,122000,10.0,12200,1
1451,92250,294000,38.0,7737,1
1452,92290,290000,62.77,4461,3
1453,92800,292000,32.0,9125,2
1454,92500,263000,37.0,6932,2
1455,92360,260000,72.0,3444,4
1456,92100,114000,12.79,8327,1
1457,92270,120000,19.58,5618,1
1458,92100,260000,30.0,8167,2
1459,92320,128000,19.0,6737,1
1460,92290,284000,43.6,6514,2
1461,92230,299000,80.0,3738,4
1462,92380,220000,32.78,6453,1
1463,92350,250000,46.52,5374,19 m² de terrain
1464,92110,299000,43.0,6628,2
1465,92370,259000,54.0,4796,2
1466,92130,186000,17.1,10400,1
1467,92600,130000,15.0,8000,1
1468,92250,299500,44.0,6545,3
1469,92200,95000,9.0,10600,1
1470,92360,263000,70.0,3757,4
1471,92170,279500,38.05,7083,2
1472,92400,295000,48.5,5773,2
1473,92110,245000,30.51,7702,2
1474,92110,262500,52.86,4966,3
1475,92600,218000,27.64,7887,1
1476,92220,278500,43.31,6430,2
1477,92600,130000,15.0,8000,1
1478,92270,259000,41.0,6317,2
1479,92240,284000,54.56,4949,2
1480,92360,204900,56.0,3659,3
1481,92250,279000,44.0,6341,2
1482,92130,185000,19.0,9211,1
1483,92390,130000,44.0,2773,2
1484,92600,299000,45.0,6457,2
1485,92110,215000,26.11,7851,2
1486,92270,259000,38.0,6816,2
1487,92100,299000,27.0,10600,1
1488,92130,186000,17.1,10400,1
1489,92300,210000,24.0,8750,2
1490,92300,230000,24.0,9583,2
1491,92300,230000,24.0,9583,2
1492,92210,299000,38.7,7726,1
1493,92170,105296,19.0,5542,1
1494,92100,299500,25.52,11700,1
1495,92400,160000,20.0,8000,1
1496,92100,299500,25.52,11200,1
1497,92000,158000,23.0,6870,1
1498,92360,194900,56.0,3480,3
1499,92140,300000,64.0,4688,3
1500,92700,220000,39.19,5307,2
1501,92120,225000,35.01,6198,2
1502,92290,270000,63.36,4261,4
1503,92300,172000,11.55,14300,1
1504,92220,166000,24.51,6773,1
1505,92700,179000,26.9,6654,2
1506,92350,248000,72.0,3444,4
1507,92240,165000,21.0,7857,2
1508,92400,210000,27.74,7570,1
1509,92320,195000,34.45,5340,2
1510,92320,195000,34.45,5340,2
1511,92110,275000,39.0,7051,3
1512,92140,264600,62.97,4002,3
1513,92600,280000,42.0,6667,2
1514,92170,200000,17.6,11400,1
1515,92120,177000,17.58,9386,1
1516,92240,84000,9.71,8033,1
1517,92300,85000,8.46,10100,1
1518,92370,185500,28.0,6250,1
1519,92120,202000,48.0,3958,2
1520,92160,252000,54.0,4444,3
1521,92290,238500,41.22,5786,2
1522,92140,245000,50.0,4900,3
1523,92120,229000,53.41,4288,2
1524,92130,270000,25.0,10300,2
1525,92160,279000,60.0,4483,3
1526,92420,298500,42.0,7107,2
1527,92100,179900,19.0,8947,1
1528,92100,194900,22.0,8409,1
1529,92100,285000,32.88,8364,2
1530,92100,290000,34.69,8043,2
1531,92380,238046,Âge du crédirentier : 79,8043,Âge de la crédirentière : 78
1532,92140,82205,23.0,3574,1
1533,92700,285000,45.75,6230,2
1534,92700,286000,43.3,6605,2
1535,92190,210000,40.0,5250,2
1536,92350,285000,74.0,3851,4
1537,92290,286000,33.0,8667,1
1538,92700,199000,33.0,5791,2
1539,92240,240000,44.0,5455,2
1540,92400,268000,32.4,8272,1
1541,92100,297000,30.0,9519,2
1542,92230,299900,60.0,4998,3
1543,92380,279000,51.8,5174,3
1544,92170,208600,25.0,7800,2
1545,92310,285000,46.46,5833,3
1546,92110,255000,30.0,8167,2
1547,92320,249000,52.09,4780,3
1548,92360,26150,814 € de rente mensuelle,Rente : 814 €/mois,Âge de la crédirentière : 82
1549,92600,239000,31.0,7710,2
1550,92160,170000,23.0,7391,1
1551,92400,273000,32.0,8125,1
1552,92130,299000,55.5,5387,1
1553,92110,250000,40.0,6250,2
1554,92310,280000,51.8,5212,2
1555,92300,259000,26.01,9612,2
1556,92130,262600,29.0,8621,1
1557,92230,178000,34.0,5235,2
1558,92100,290000,39.0,7436,1 chambre
1559,92100,298700,32.75,9121,1
1560,92250,285000,28.0,10200,1
1561,92250,230000,25.0,9200,1
1562,92240,298000,50.0,5960,3
1563,92370,156400,1061 € de rente mensuelle,Rente : 1 061 €/mois,Âge du crédirentier : 73
1564,92600,295000,74.0,3986,3
1565,92220,275000,44.0,6250,2
1566,92500,276000,44.34,5985,2
1567,92150,222000,36.0,6167,2
1568,92120,205000,49.0,3878,2
1569,92110,243000,33.0,7364,3
1570,92260,170000,31.15,5136,1
1571,92210,148000,16.44,9002,1
1572,92220,140000,24.0,5833,1
1573,92270,241000,30.0,8033,2
1574,92170,208600,25.0,8344,2
1575,92100,230000,22.0,10400,1
1576,92210,120000,17.0,6471,1
1577,92600,183750,29.0,6336,1
1578,92290,239000,42.94,5403,2
1579,92320,199000,23.0,8652,1
1580,92130,275000,36.0,7639,2
1581,92120,225000,48.5,4330,2
1582,92210,164000,14.15,1100,1
1583,92390,147000,45.0,3267,2
1584,92260,123000,33.0,3485,2
1585,92360,267000,72.0,3542,4
1586,92600,239000,33.0,6939,2
1587,92600,203000,28.0,6978,2
1588,92300,232000,25.0,8800,2
1589,92350,79000,9.5,8316,1
1590,92600,275000,39.73,6922,2
1591,92320,275000,35.62,7383,2
1592,92300,190000,25.0,7600,2
1593,92110,259000,31.0,8032,2
1594,92110,230000,25.0,8800,1
1595,92100,298200,32.8,8780,2
1596,92130,270000,27.0,1000,1
1597,92000,239900,38.0,6313,2
1598,92140,300000,61.0,4918,3
1599,92700,199000,33.0,6030,1
1600,92240,275000,35.0,7857,2
1601,92140,95000,13.0,6692,1
1602,92400,281600,38.65,6986,2
1603,92160,299000,63.0,4746,3
1604,92170,250000,28.0,8500,2
1605,92600,235000,62.0,3790,3
1606,92700,236500,73.0,3240,3
1607,92360,234000,61.0,3656,3
1608,92300,290000,29.0,1000,2
1609,92000,229000,39.0,5578,2
1610,92110,285000,43.0,6628,3
1611,92500,229900,27.4,8391,1
1612,92110,222000,29.0,7241,1
1613,92270,161000,20.0,8050,1
1614,92310,286000,52.0,5385,2
1615,92190,229000,33.0,6939,2
1616,92170,240000,26.65,9006,1
1617,92370,249000,51.76,4811,3
1618,92170,202000,21.0,9619,1
1619,92250,265000,37.0,7162,2
1620,92150,245000,34.96,7008,2
1621,92260,230000,54.25,4055,3
1622,92500,200000,29.08,6534,1
1623,92170,199500,26.0,7673,1
1624,92100,158900,18.0,8333,1
1625,92290,299000,66.82,4265,3
1626,92200,88000,9.0,8906,1
1627,92400,245000,30.0,8167,1
1628,92700,179000,35.0,5114,2
1629,92100,239000,29.0,7931,2
1630,92250,169000,18.0,9389,19 m² de terrain
1631,92400,216000,24.0,9000,1
1632,92210,152000,20.0,7600,1
1633,92320,299000,55.8,5125,3
1634,92400,225000,26.0,8269,2
1635,92200,162000,12.89,12600,1
1636,92260,140000,23.0,6087,1
1637,92100,270000,32.0,8438,2
1638,92400,218000,27.13,8035,2
1639,92320,199000,26.5,7509,1
1640,92250,160000,22.0,7273,2
1641,92100,164560,Âge de la crédirentière : 76,3227,51 m²
1642,92240,199000,40.0,4975,2
1643,92270,260000,45.0,5778,2
1644,92240,150644,22.54,6683,1
1645,92800,275000,27.0,10200,1
1646,92700,139000,22.0,6318,1
1647,92400,200000,39.0,4872,2
1648,92110,192100,333 € de rente mensuelle,Rente : 333 €/mois,Âge du crédirentier : 85
1649,92170,250000,36.14,6918,2
1650,92250,285000,28.0,10200,2
1651,92210,224000,24.0,9333,1
1652,92270,235000,43.0,5465,2
1653,92210,225000,30.0,7075,1
1654,92110,124000,16.0,7750,1
1655,92100,285000,29.52,9282,1
1656,92000,299000,47.0,6149,2
1657,92380,215000,29.0,7414,1
1658,92240,270000,35.0,7714,2
1659,92210,270000,40.0,6350,2
1660,92000,185000,29.28,6318,1
1661,92000,268000,41.57,6447,2
1662,92340,239000,24.41,9791,1
1663,92340,269000,31.27,8602,1
1664,92190,197000,32.0,6156,2
1665,92100,159231,1189 € de rente mensuelle,Rente : 1 189 €/mois,Âge du crédirentier : 81
1666,92700,219000,32.0,6375,1
1667,92320,249000,30.0,8300,2
1668,92340,299000,60.0,4750,3
1669,92290,290000,90.83,3193,4
1670,92170,90000,10.0,9000,1
1671,92380,250000,30.0,8333,2
1672,92220,290000,60.0,4833,3
1673,92290,234900,42.0,5593,2
1674,92290,258000,36.0,7167,2
1675,92350,269000,39.0,6769,2
1676,92260,265000,50.0,5040,2
1677,92420,252000,35.0,6857,2
1678,92120,294000,40.82,6859,2
1679,92170,282000,2 pièces,6859,1 chambre
1680,92290,280000,66.83,4040,3
1681,92320,148000,21.35,6698,1
1682,92360,190000,43.4,4378,2
1683,92100,298000,32.0,9313,1
1684,92150,224599,28.0,8021,2
1685,92310,262500,49.0,5357,3
1686,92160,279000,60.0,4650,3
1687,92120,289000,30.0,9633,2
1688,92120,289000,30.0,9633,2
1689,92250,199000,32.46,5853,1
1690,92800,180000,23.0,7609,1
1691,92290,250000,62.77,3823,2
1692,92320,285000,42.0,6786,2
1693,92200,120000,15.0,8000,1
1694,92110,205000,25.0,8200,1
1695,92120,225000,2 pièces,8200,1 chambre
1696,92330,280000,27.0,10400,1
1697,92170,295000,41.0,6829,2
1698,92250,229000,35.0,6231,3
1699,92330,180000,25.15,7157,1
1700,92320,271000,27.0,1000,1
1701,92210,79000,9.0,8778,1
1702,92130,259000,25.1,10300,2
1703,92350,299000,71.0,4211,3
1704,92600,239600,36.0,6656,2
1705,92400,230000,30.0,7400,2
1706,92700,289000,42.0,6595,2
1707,92600,299000,37.0,8081,2
1708,92320,209000,30.77,6521,1
1709,92220,289000,55.52,5205,3
1710,92170,299000,55.0,5436,3
1711,92170,299000,55.25,5158,3
1712,92600,220000,31.0,6774,1
1713,92500,220000,28.0,7464,1
1714,92500,270000,41.0,6585,2
1715,92700,279000,46.0,6065,3
1716,92320,245500,41.0,5988,2
1717,92160,230000,27.0,8519,1
1718,92500,188000,31.0,6065,1
1719,92330,280000,27.0,10400,1
1720,92600,220000,32.35,6461,1
1721,92390,199000,25.0,7960,1
1722,92240,215000,27.2,7904,1
1723,92270,263000,45.0,5556,2
1724,92360,225000,67.0,3358,4
1725,92140,96000,9.0,10700,1
1726,92290,295000,52.0,5673,2
1727,92140,274000,41.15,6367,3
1728,92320,260000,41.05,6090,2
1729,92230,189000,44.0,4295,2
1730,92190,108000,15.0,6667,1
1731,92350,289000,66.0,4379,3
1732,92100,260000,28.0,9286,2
1733,92000,245000,47.0,4936,3
1734,92600,160000,18.0,8889,1
1735,92600,180000,20.0,9000,1
1736,92100,264000,27.0,9778,1
1737,92340,226800,36.73,5881,2
1738,92600,258500,40.58,6370,1
1739,92400,260000,37.8,6878,2
1740,92310,261920,Âge du crédirentier : 74,6878,79 m²
1741,92370,178564,21.55,7891,1
1742,92370,297606,41.08,6900,2
1743,92270,260000,27.0,9259,1
1744,92140,180000,25.77,6597,2
1745,92000,279000,52.0,5365,3
1746,92400,220000,1528 € de rente mensuelle,Rente : 1 528 €/mois,80
1747,92320,255000,52.0,4904,3
1748,92310,239000,50.0,4780,3
1749,92270,299900,59.0,5083,2
1750,92400,239000,36.16,6295,2
1751,92100,209000,21.0,9952,1
1752,92380,220000,35.03,6039,2
1753,92300,275000,25.36,10300,1
1754,92320,146000,19.3,7306,1
1755,92350,295000,42.06,7014,3 m² de terrain
1756,92200,144500,11.25,12800,1
1757,92200,90000,7.3,12300,1
1758,92100,120000,11.4,10100,1
1759,92190,256000,43.0,5953,2
1760,92700,260000,47.0,5532,2
1761,92160,175000,33.03,5086,1
1762,92500,172000,22.78,7243,1
1763,92220,159000,22.19,7165,1
1764,92360,135000,26.0,5192,1
1765,92320,120080,1666 € de rente mensuelle,Rente : 1 666 €/mois,55
1766,92390,210000,26.0,8077,1
1767,92390,214000,28.0,7643,1
1768,92390,289000,43.0,6721,2
1769,92400,225000,1500 € de rente mensuelle,Rente : 1 500 €/mois,80
1770,92270,109000,13.11,7628,1
1771,92600,241000,37.0,6514,2
1772,92300,299000,39.0,7667,2
1773,92700,217000,50.0,4060,3
1774,92120,101680,500 € de rente mensuelle,Rente : 500 €/mois,Âge du crédirentier : 70
1775,92290,195000,22.08,8832,1
1776,92600,170500,22.8,7478,1
1777,92000,280000,52.25,5167,3
1778,92360,229950,56.04,3908,3
1779,92290,56400,1085 € de rente mensuelle,Rente : 1 085 €/mois,Âge de la crédirentière : 79
1780,92600,299000,54.65,5306,3
1781,92600,300000,36.0,8056,2
1782,92000,199000,29.0,6862,2
1783,92270,112000,16.0,7000,1
1784,92140,245000,29.27,8370,1
1785,92370,135000,19.0,6789,2
1786,92170,159000,18.79,7983,1
1787,92150,230000,24.97,9211,1
1788,92700,179900,21.8,8252,2
1789,92160,149000,22.0,6409,1
1790,92120,299000,29.0,10300,1
1791,92120,125356,27.0,4643,1
1792,92100,159900,16.35,9174,1
1793,92110,200000,28.0,6786,2
1794,92390,261100,59.51,4387,3
1795,92230,297000,57.8,5138,2
1796,92320,136600,22.0,6209,1
1797,92600,285000,38.0,7212,2
1798,92380,237000,30.0,7500,1
1799,92210,285000,38.35,7119,1
1800,92130,241000,26.0,8846,1
1801,92360,239000,74.0,3081,3
1802,92360,239000,74.0,3081,3
1803,92400,250000,32.0,7513,2
1804,92400,240000,34.5,6539,1
1805,92330,281200,43.45,6214,2
1806,92400,189800,33.0,5455,2
1807,92340,236000,53.0,4453,3
1808,92500,150000,18.0,8333,1
1809,92000,252000,50.0,5040,3
1810,92270,251000,31.0,8097,1
1811,92800,220000,28.83,7631,2
1812,92150,273000,27.0,10100,1
1813,92600,289000,38.0,7368,2
1814,92400,290000,45.0,6244,2
1815,92700,295000,48.0,6146,2
1816,92100,130000,13.0,1000,1
1817,92100,248570,19.0,12300,1
1818,92600,246100,26.0,8846,1
1819,92600,256800,26.0,9231,1
1820,92600,267500,26.0,9615,1
1821,92140,223000,32.46,6470,1
1822,92100,279800,32.0,8438,2
1823,92800,268000,34.7,7349,2
1824,92260,230000,56.0,3929,3
1825,92260,230000,56.0,3929,2
1826,92250,239000,29.0,8241,2
1827,92130,246000,21.18,11600,1
1828,92290,298000,40.32,7391,2
1829,92300,290000,30.0,9667,1
1830,92100,165000,14.0,11800,1
1831,92300,150000,14.84,9434,1
1832,92300,140000,13.0,1000,1
1833,92190,295000,46.92,5988,2
1834,92140,285000,80.0,3438,5
1835,92250,289000,36.0,8028,2
1836,92360,229000,56.0,4089,3
1837,92170,280000,32.0,8750,2
1838,92110,264000,37.5,6707,1
1839,92110,191000,20.0,9550,1
1840,92200,110000,10.0,1100,1
1841,92600,273100,50.78,5378,2
1842,92110,168000,24.0,6667,2
1843,92110,199000,24.0,8292,2
1844,92000,273000,45.0,5778,2
1845,92600,285000,35.0,7886,2
1846,92140,223000,32.46,6470,1
1847,92290,258000,36.0,6944,2
1848,92110,239000,33.5,7134,2
1849,92600,299000,37.0,7811,2
1850,92700,247000,43.0,5744,2
1851,92700,225000,51.0,4412,3
1852,92330,199000,25.0,7600,1
1853,92290,220000,41.12,5350,1
1854,92150,221000,27.05,8170,1
1855,92290,286000,33.0,8667,1
1856,92600,268100,48.27,5554,2
1857,92600,210000,52.0,4038,2
1858,92600,273000,37.0,7378,2
1859,92600,245000,28.0,8750,1
1860,92700,165000,26.24,6288,2
1861,92200,280000,23.0,12200,1
1862,92320,299000,53.15,5626,3
1863,92700,207000,33.03,6267,1
1864,92110,92000,9.0,10200,1
1865,92300,125000,14.0,8929,1
1866,92500,145000,50.0,2900,2
1867,92380,295000,64.22,4594,3
1868,92000,229000,34.0,6324,1
1869,92320,150000,25.0,6000,1
1870,92250,285000,25.26,11300,1
1871,92290,189000,26.0,7269,1
1872,92800,270300,43.0,5930,1
1873,92400,198000,20.74,8974,1
1874,92340,298000,60.03,4748,3
1875,92600,298000,43.06,6921,3
1876,92120,241000,36.4,6181,2
1877,92390,233200,65.13,3581,4
1878,92600,254400,41.0,6205,2
1879,92350,268000,67.0,3865,4
1880,92320,140000,22.0,6364,1
1881,92130,300000,24.0,12500,1
1882,92320,219000,25.0,8760,2
1883,92800,287000,30.5,8962,1
1884,92100,180000,17.0,10600,1
1885,92120,161000,19.0,8474,2 m² de terrain
1886,92100,171000,19.0,8553,1
1887,92100,299000,31.0,9645,1
1888,92240,270000,38.0,7105,2
1889,92170,125624,19.0,6612,1
1890,92160,179000,30.37,5894,2
1891,92200,270000,24.72,10900,1
1892,92170,225000,25.78,8340,2
1893,92340,236000,53.35,4208,3
1894,92170,268000,34.76,7710,1
1895,92150,245000,36.5,6329,1
1896,92220,254000,43.07,5897,2
1897,92340,295000,70.0,4071,4
1898,92800,129500,16.0,8094,1
1899,92370,179000,21.55,7889,1
1900,92370,298000,41.08,6913,2
1901,92140,270000,46.3,5832,3
1902,92140,219000,34.12,6419,2
1903,92160,150000,20.13,7452,1
1904,92340,289800,65.0,4308,4
1905,92360,215500,67.0,3216,4
1906,92240,220000,32.76,6408,2
1907,92240,299000,39.23,7418,2
1908,92110,210000,32.0,6250,3
1909,92110,181900,27.0,6737,2
1910,92000,273000,44.0,5909,2
1911,92160,138000,20.35,6781,1
1912,92190,295000,47.0,6277,2
1913,92330,203000,28.27,7181,1
1914,92110,139000,21.2,6557,2
1915,92270,233000,31.29,7127,2
1916,92190,295000,52.15,5413,2
1917,92110,280000,44.0,6364,3
1918,92170,160000,24.0,6667,1
1919,92120,99900,11.5,8687,1
1920,92200,107000,10.55,9573,1
1921,92370,255000,45.73,5576,2
1922,92310,170000,25.0,6800,1
1923,92700,126000,20.86,5753,1
1924,92350,259000,44.44,5828,2
1925,92140,274900,79.26,3280,5
1926,92290,249000,53.66,4454,2
1927,92500,271000,54.33,4988,3
1928,92400,300000,41.0,6969,2
1929,92110,280000,39.0,7179,2
1930,92330,152000,15.26,9961,1
1931,92400,295000,41.83,7052,2
1932,92120,234000,48.0,4583,2
1933,92600,215000,31.87,6432,1
1934,92140,261000,63.81,4090,4
1935,92140,270000,29.77,9070,1
1936,92290,164000,22.0,7045,1
1937,92160,289000,42.28,6835,2
1938,92140,243000,30.0,8100,1
1939,92800,199000,26.6,7481,1
1940,92100,240000,24.31,9461,2
1941,92220,274000,59.0,4644,4
1942,92270,229000,44.0,5000,2
1943,92340,295000,70.0,4071,4
1944,92320,299000,53.0,5642,3
1945,92110,240000,26.0,9231,2
1946,92220,229000,41.0,5585,3
1947,92350,275000,43.0,6395,2
1948,92240,284000,54.56,5205,3
1949,92220,275000,44.23,6217,2
1950,92120,235000,48.5,4536,2
1951,92170,280000,28.0,9643,1
1952,92270,299900,53.0,5658,2
1953,92210,250000,28.0,8929,1
1954,92380,232000,30.0,7450,1
1955,92360,215000,56.0,3839,3
1956,92300,220000,19.17,10900,1
1957,92600,145400,24.7,5887,1
1958,92110,285000,43.0,6285,3
1959,92120,289000,41.94,6891,2
1960,92340,90000,14.0,5964,1
1961,92800,288000,40.0,6900,3
1962,92360,179350,56.0,3036,3
1963,92240,165000,20.0,8250,2
1964,92340,299000,60.03,4981,3
1965,92150,205000,30.0,6500,1
1966,92200,194000,12.9,1500,1
1967,92260,264000,58.0,4397,3
1968,92320,282500,54.61,5173,3
1969,92240,85000,9.86,8114,1
1970,92240,165000,20.26,7651,2
1971,92170,268000,35.0,7286,1
1972,92120,229000,17.5,13100,1
1973,92190,139000,21.0,6619,1
1974,92600,107100,1078 € de rente mensuelle,Rente : 1 078 €/mois,Âge de la crédirentière : 74
1975,92160,264000,84.5,3124,5
1976,92200,79000,10.0,7900,1
1977,92500,297000,36.33,8175,1
1978,92380,295000,50.93,5792,3
1979,92350,289000,66.0,4379,3
1980,92170,202000,21.04,9221,1
1981,92240,85000,12.0,7083,1
1982,92240,165000,20.0,8250,1
1983,92120,50000,6.2,6613,1
1984,92320,280000,41.0,6630,2
1985,92250,147600,2978 € de rente mensuelle,Rente : 2 978 €/mois,Âge de la crédirentière : 84
1986,92160,199000,48.0,3986,2
1987,92170,109095,10.0,10500,1
1988,92700,294000,61.0,4590,3
1989,92410,71500,10.84,6596,1
1990,92800,176000,19.0,9263,1
1991,92800,191000,21.0,9095,1
1992,92360,263000,70.14,3750,4
1993,92220,240000,43.07,5572,2
1994,92310,279000,52.0,5212,2
1995,92190,82000,15.0,4933,1
1996,92250,276000,39.32,6689,3
1997,92350,299000,77.0,3752,4
1998,92140,258000,32.31,7985,1
1999,92130,249700,33.0,7567,1
2000,92190,260000,53.0,4906,2
2001,92190,295000,47.0,6277,2
2002,92130,265000,37.32,6699,1
2003,92320,255000,52.38,4625,2
2004,92250,199000,22.0,9045,1
2005,92270,90000,14.0,6429,1
2006,92270,227000,28.55,7496,2
2007,92600,173000,18.0,9611,1
2008,92240,284000,54.56,5205,2
2009,92170,285000,39.32,7037,2
2010,92260,133000,18.5,6649,1
2011,92110,265000,31.0,8548,1
2012,92210,220500,37.31,5629,1
2013,92250,200000,22.65,8389,1
2014,92130,280000,36.0,7778,2
2015,92290,159900,23.35,6848,1
2016,92300,80000,7.91,8850,1
2017,92110,75000,11.0,6818,1
2018,92270,299900,51.0,5686,2
2019,92130,250000,29.0,8621,2
2020,92390,283000,60.0,4717,3
2021,92300,225000,24.0,9375,2
2022,92160,252000,67.35,3563,4
2023,92150,275000,27.0,10200,1
2024,92100,157500,16.18,9271,1
2025,92100,266000,27.0,9481,2
2026,92170,299000,39.15,7637,2
2027,92350,247000,54.55,4528,3
2028,92500,282000,28.0,10100,1
2029,92170,105700,18.94,5581,1
2030,92600,178000,34.0,5235,2
2031,92210,295000,41.87,6775,1
2032,92270,252000,40.0,6300,2
2033,92160,212000,42.01,5046,2
2034,92160,259000,60.0,4155,3
2035,92130,159900,17.0,8824,1
2036,92360,235000,62.0,3790,3
2037,92150,267120,38.2,6597,2
2038,92150,275600,40.0,6500,2
2039,92600,220000,26.0,8462,1
2040,92150,242500,31.0,7419,2
2041,92170,190000,26.41,6906,1
2042,92120,272000,44.0,6182,2
2043,92110,100000,11.0,8555,1
2044,92400,292000,39.0,7179,2
2045,92120,299000,32.0,9344,2
2046,92150,235000,29.0,8103,1
2047,92120,204900,20.74,9879,1
2048,92270,215000,38.0,5658,2
2049,92300,255000,21.0,12100,1
2050,92240,150000,21.0,6667,1
2051,92800,65000,9.0,7222,1
2052,92160,279000,62.79,4443,3
2053,92500,295000,59.23,4727,3
2054,92160,95000,19.0,4605,1
2055,92340,108000,17.0,6353,1
2056,92290,205000,44.0,4432,2
2057,92370,225000,31.0,7097,2
2058,92330,260000,52.0,4769,3
2059,92220,199000,24.26,8203,1
2060,92150,124900,900 € de rente mensuelle,Rente : 900 €/mois,Âge de la crédirentière : 77
2061,92260,260000,52.0,4769,3
2062,92700,231000,44.0,5000,2
2063,92110,221000,31.0,7129,2
2064,92350,99000,17.0,5529,1
2065,92100,189000,19.02,9937,1
2066,92800,266000,33.0,8061,2
2067,92210,152000,19.64,7128,1
2068,92700,225000,38.0,5658,2
2069,92160,259000,64.0,3875,3
2070,92220,135000,18.33,7365,1
2071,92270,250000,33.17,7537,1
2072,92220,287000,42.74,6715,2
2073,92350,280000,36.0,7778,2
2074,92250,260000,41.0,6341,2
2075,92110,47000,9.0,5222,1
2076,92160,260000,74.0,3514,4
2077,92370,189000,23.2,7759,1
2078,92110,145000,26.0,5577,2
2079,92500,100000,33.0,2848,1
2080,92120,270000,33.0,8182,2
2081,92270,259000,34.4,7529,1
2082,92170,244000,29.13,8376,1
2083,92100,263000,51.0,4804,2
2084,92600,225000,26.0,8654,1
2085,92260,290000,70.0,3929,4
2086,92110,195000,28.0,6964,2
2087,92420,249000,54.0,4611,2
2088,92120,260000,36.0,7222,2
2089,92120,239500,21.44,11200,2
2090,92220,287000,42.0,6833,2
2091,92150,195000,25.0,7400,2
2092,92240,240000,32.76,7018,2
2093,92270,265000,37.0,7162,1
2094,92600,295000,63.0,4505,4
2095,92320,249000,28.14,8849,1
2096,92250,299000,41.0,7037,2
2097,92120,270000,33.0,8182,2
2098,92380,265000,52.46,4766,3
2099,92800,214000,29.0,7379,2
2100,92000,200000,31.0,6452,2
2101,92160,295000,46.0,6413,3
2102,92150,199250,27.0,6852,1
2103,92210,246000,32.02,7683,1
2104,92220,237000,2 pièces,7683,1 chambre
2105,92400,198000,21.0,8905,1
2106,92150,145000,17.0,8529,1
2107,92290,261 640 à 278 520 €,44.35,8529,2
2108,92150,199000,24.0,7875,2
2109,92240,260000,47.0,5106,2
2110,92800,266000,33.0,8061,2
2111,92700,147000,19.0,7316,1
2112,92600,290000,2 pièces,7316,1
2113,92320,249000,30.16,7958,2
2114,92120,220000,30.0,7333,2
2115,92220,136700,19.0,7195,1
2116,92700,185500,25.0,7180,1
2117,92700,300000,42.12,7123,2
2118,92600,285000,46.15,6176,2
2119,92500,257000,30.0,8567,1
2120,92800,277500,25.0,11100,1
2121,92120,299000,30.0,9967,1
2122,92700,289000,38.0,7605,2
2123,92500,295000,37.0,7973,1
2124,92250,285000,30.0,9500,1
2125,92500,230000,26.0,8846,1
2126,92350,294000,40.0,7350,2
2127,92600,269500,21.6,12500,1
2128,92800,277500,25.0,11100,1
2129,92600,238000,30.0,7933,1
