Code Postal,Prix (€),Surface (m2),Prix du m2,Nbr de Pieces
92130,300000,41.0,7317,2
92600,181800,24.0,7575,1
92390,219900,59.0,3727,3
92270,299000,39.0,7667,2
92300,190000,21.0,9048,1
92600,290000,36.0,8056,2
92270,285000,43.0,6628,3
92190,229000,27.0,8001,1
92600,279000,42.0,6643,2
92110,240000,33.03,7266,2
92700,268000,54.0,4963,3
92600,298000,45.0,6622,2
92360,212400,56.0,3793,3
92360,218000,55.0,3964,3
92160,244400,55.0,4273,3
92160,250000,45.0,5556,3
92160,260000,68.0,3824,4
92400,300000,44.0,6455,2
92700,130000,25.0,5200,2
92400,199800,33.0,5758,2
92140,254000,25.0,10200,1
92140,254000,36.09,7481,2
92400,224000,26.0,8269,2
92700,130000,31.43,4136,1
92350,277 900 à 299 900 €,34 à 37 m²,4136,1 à 2 pièces
92160,250000,85.0,2941,5
92700,230000,30.0,7667,1
92370,à partir de 288 000 €,1 pièce,7667,Point de vente : 1-5 Rue Paul Cézanne 75008 PARIS
92160,à partir de 287 700 €,41 à 47 m²,7667,2
92130,298000,32.0,9313,1
92160,265000,55.0,4545,3
92270,249000,64.0,3750,2
92600,245000,55.0,4455,2
92360,260000,77.0,3377,4
92700,285000,48.0,5938,2
92110,275000,42.0,6548,2
92360,264000,66.0,4000,4
92300,179500,34.6,4917,1
92140,240 000 à 255 000 €,25 à 28 m²,4917,1
92130,298000,42.0,7095,2
92400,199000,22.14,8988,1
92700,à partir de 286 000 €,43 m² min,8988,2
92500,294000,50.0,5880,3
92600,249000,30.0,7967,1
92230,237 000 à 297 000 €,40 à 58 m²,7967,1 à 3 pièces
92230,192000,27.0,7111,1
92360,196500,56.0,3509,3
92360,199500,56.0,3563,3
92360,212700,56.0,3798,3
92360,257900,77.0,3349,4
92500,à partir de 257 000 €,29 m² min,3349,1
92240,250000,34.0,7000,2
92700,230 000 à 285 000 €,25 à 40 m²,7000,1 à 2 pièces
92110,235000,30.0,7833,2
92700,265000,48.0,5521,3
92160,265000,64.0,3953,3
92390,183 000 à 295 000 €,27 à 66 m²,3953,1 à 3 pièces
92390,212 000 à 287 000 €,39 à 69 m²,3953,2 à 3 pièces
92700,169900,30.0,5663,1
92140,258000,32.31,7985,1
92390,209 800 à 329 000 €,29 à 68 m²,7985,1 à 3 pièces
92230,247 000 à 293 000 €,36 à 47 m²,7985,1 à 2 pièces
92150,285000,33 à 36 m²,7985,1
92700,à partir de 269 000 €,36 m² min,7985,2
92600,à partir de 289 000 €,40 m² min,7985,2
92290,251 000 à 293 000 €,33 à 36 m²,7985,1
92380,à partir de 290 000 €,36.21,7985,1
92700,à partir de 269 300 €,30 à 32 m²,7985,1
92700,275000,57.0,4825,3
92500,265000,28.73,9224,1
92150,268 000 à 290 000 €,24 à 27 m²,9224,1
92700,254 787 à 288 910 €,30 à 35 m²,9224,1
92290,269025,42.25,6367,2
92260,255000,54.73,4659,3
92140,255000,40.0,6375,2
92800,300000,38.0,7895,2
92700,149000,20.0,7450,1
92700,299000,51.0,5686,2
92200,106000,7.92,12600,1
92000,269000,41.8,6435,12 m² de terrain
92130,248000,30.13,8231,1
92360,199000,55.0,3618,3
92250,262500,37.0,7095,2
92130,275000,44.0,6250,3
92700,265000,69.33,3822,4
92600,165000,19.0,8263,1
92140,185000,31.63,5849,2
92360,244600,63.0,3883,3
92360,239000,74.0,3081,3
92140,130000,19.0,6842,1
92160,165000,32.0,5156,1
92290,299000,69.0,4187,2
92350,299000,67.0,4312,3
92600,120000,14.0,8000,1
92600,208000,34.0,5882,1
92500,210000,33.47,6274,1
92600,219000,67.0,3269,3
92600,248000,47.71,4998,3
92600,269000,62.0,4339,3
92120,210000,28.4,7042,2
92700,170369,30.0,5679,2
92140,260000,38.0,6645,3
92170,135000,18.0,7111,1
92370,230000,31.0,7419,1
92160,173000,24.0,7208,1
92160,270000,57.0,4737,3
92260,254000,57.0,4456,3
92700,215000,54.0,3981,3
92600,249000,44.0,5659,2
92120,297150,34.6,8179,2
92600,295000,74.0,3986,3
92290,299000,82.0,3646,4
92310,96000,18.5,5189,1
92400,189000,25.05,7545,1
92700,295000,47.6,6197,2
92700,177000,32.0,5313,2
92400,80000,10.0,8000,1
92700,258000,64.0,4031,4
92160,272000,62.02,4192,3
92230,199000,44.0,4523,3
92700,165000,24.0,6875,1
92260,79000,14.0,5429,1
92190,220000,55.0,4000,3
92700,149000,20.0,7450,1
92700,245000,42.07,5824,3
92500,219000,55.0,3982,2
92170,242000,41.0,5902,2
92600,275000,41.0,6707,2
92240,197000,26.0,7115,2
92140,179500,30.0,5983,2
92260,299000,69.0,4333,4
92100,180000,22.0,8182,1
92700,226000,65.0,3477,4
92600,219000,29.0,7552,1
92360,205000,56.0,3661,3
92700,290000,77.31,3751,4
92370,298000,56.0,5321,3
92370,280000,47.39,5908,2
92120,233200,22.08,9964,1
92100,175000,18.0,9722,1
92220,279500,41.0,6817,2
92600,203000,28.0,6978,2
92700,289000,70.0,4129,3
92360,220000,54.0,4074,3
92600,259000,32.0,7781,1
92600,239000,63.0,3651,3
92250,204900,25.0,8196,1
92700,170369,30.0,5679,2
92160,99000,18.0,5500,1
92400,295000,63.0,4296,3
92700,149900,33.0,4542,2
92400,169600,20.0,8000,1
92220,200000,29.0,6897,1
92130,275000,35.0,7857,2
92360,234000,62.0,3774,3
92260,224000,38.0,5895,2
92170,250000,30.22,7859,2
92100,199000,23.0,8217,1
92400,110000,17.0,6471,1
92350,250000,59.05,3997,3
92700,199000,26.56,7492,2
92700,270000,52.24,5168,2
92360,237000,56.0,4232,3
92210,285000,37.0,7703,2
92700,200000,52.86,3784,3
92160,231000,52.88,4160,3
92230,196000,55.0,3564,3
92700,170369,30.0,5679,2
92700,250000,74.0,3378,4
92220,260000,44.0,5909,2
92290,255000,57.0,4302,3
92600,140000,25.0,5600,2
92600,190000,28.56,6653,2
92160,270000,46.0,5587,2
92500,269000,36.0,7083,1
92500,297000,46.0,6457,2
92500,232000,28.0,8286,1
92150,238 000 à 277 000 €,24 à 27 m²,8286,1
92320,252 000 à 284 000 €,27 à 31 m²,8286,1
92250,285000,28.0,10200,1
92700,285 001 à 299 147 €,45 à 46 m²,10200,2
92130,299000,23.0,1300,3
92600,285000,47.0,6064,2
92000,180000,27.0,6667,2
92120,249900,30.5,7869,2
92160,292500,67.0,4179,4
92330,207000,32.37,6395,1
92600,285000,34.83,8183,2
92120,289000,48.24,5701,2
92000,300000,49.13,5862,2
92320,299000,58.0,5155,3
92700,260000,68.4,3582,3
92120,255000,34.0,7206,2
92170,269000,22.93,11700,1
92260,265 000 à 299 000 €,32 à 44 m²,11700,1 à 2 pièces
92290,249000,64.0,3891,4
92700,110000,14.45,7612,1
92600,235000,42.0,5595,2
92700,225000,37.0,6081,2
92700,299000,49.42,6050,3
92700,139000,22.0,6318,1
92290,210000,64.0,3281,4
92150,300000,61.0,4918,3
92390,129000,27.0,4778,1
92600,190000,27.55,6897,2
92270,239000,36.0,6639,2
92150,297000,37.1,8005,2
92250,297000,49.0,5878,3
92600,203000,29.85,6533,2
92270,235000,43.0,5465,2
92100,279000,25.12,10600,1
92360,250000,67.0,3731,4
92320,299000,60.0,4983,3
92700,270000,46.0,5870,2
92500,294000,66.56,4207,4
92600,285000,45.0,6017,3
92360,270000,74.0,3649,4
92100,240000,27.0,8889,1
92500,295000,59.0,5000,3
92700,220000,54.08,4068,3
92120,223000,29.23,7629,1
92140,189000,24.74,7276,2
92700,243000,42.71,5690,2
92600,213500,30.0,7117,2
92600,169000,25.0,6760,2
92600,175000,24.0,7292,2
92600,230000,35.0,6571,2
92290,230000,60.0,3833,3
92700,179000,47.36,3780,3
92600,255000,37.0,6892,2
92800,294000,31.0,9484,2
92600,290000,80.0,3625,3
92120,200340,43.0,4395,2
92360,249500,66.0,3780,4
92130,285000,38.0,7246,2
92300,200000,20.0,1000,1
92700,172000,24.0,7167,1
92290,299000,88.0,3256,4
92700,199000,54.0,3685,3
92160,259000,66.56,3891,3
92160,269000,66.03,4074,3
92290,188000,24.6,7439,2
92700,219000,57.0,3842,3
92290,89000,12.0,7417,1
92150,227000,27.0,8407,1
92150,285000,55.0,5182,2
92150,283000,31.12,9094,1
92140,290000,52.0,5577,3
92140,273500,66.21,3944,4
92190,218000,35.0,6229,1
92600,299000,37.0,8081,2
92290,289000,63.0,4413,3
92270,244000,38.0,6421,2
92130,300000,25.0,1200,1
92360,207900,56.0,3713,3
92120,295000,37.0,7973,2
92360,259000,70.0,3541,4
92310,290000,45.0,6444,3
92290,239000,43.0,5558,2
92380,286 000 à 295 000 €,26.0,1100,1
92700,265000,48.21,5497,2
92360,213000,45.0,4733,2
92110,199000,21.22,9378,1
92110,285000,39.0,7308,2
92210,292000,37.0,7892,2
92130,87000,15.0,5800,1
92160,168000,30.0,5600,1
92100,191000,19.0,10100,1
92320,289000,47.0,6149,3
92500,210000,65.37,3060,3
92350,220000,28.0,7857,1
92130,219000,24.0,9125,1
92700,289000,46.03,6279,3
92100,225000,27.3,7875,1
92100,191000,19.0,10100,1
92160,211000,38.02,5550,2
92160,277000,64.58,4289,3
92360,235000,56.0,4196,3
92600,259000,39.6,6540,2
92000,100000,17.0,5882,1
92360,204000,56.0,3643,3
92350,279000,50.0,5580,3
92360,233500,71.62,3260,4
92290,260000,60.0,4333,3
92500,248000,30.0,8267,1
92140,76000,18.0,4222,1
92000,141750,25.3,5336,1
92100,258960,31.0,8354,1
92700,280000,52.76,5307,3
92700,185000,32.0,5313,3
92390,165000,31.0,5323,1
92100,269000,31.41,8118,2
92500,60000,9.0,6667,1
92300,296000,32.0,8906,2
92500,240000,64.0,3750,4
92140,250000,42.59,5689,2
92140,224000,73.0,3068,4
92250,235000,35.0,6714,2
92700,278000,46.0,6043,3
92290,299000,59.0,5068,3
92370,224000,2 pièces,5068,1 chambre
92120,217000,31.0,7000,1
92600,295000,45.7,6455,2
92230,268000,56.0,4786,4
92140,273000,36.29,7302,2
92000,124909,21.0,5948,1
92600,300000,46.0,6239,2
92160,270000,73.16,3691,3
92600,à partir de 249 000 €,22 à 28 m²,3691,1
92100,158000,17.51,8567,1
92120,199000,28.69,6623,2
92140,99000,18.0,5500,1
92330,à partir de 280 000 €,28 m² min,5500,1
92320,275000,39.58,6620,2
92700,265 000 à 275 000 €,28 à 48 m²,6620,1 à 2 pièces
92600,à partir de 259 200 €,29.0,6620,1
92260,à partir de 192 000 €,31 à 48 m²,6620,1 à 2 pièces
92700,296000,41.6,7115,2
92600,245000,38.26,6404,2
92160,294000,67.24,4372,4
92000,159500,28.35,5291,1
92290,279000,73.0,3822,4
92390,300000,86.0,3488,4
92350,235000,64.0,3514,4
92100,270000,28.0,9643,1
92700,275000,45.0,6111,2
92000,200000,28.0,7143,2
92600,290000,48.0,6042,2
92700,278000,56.0,4964,3
92300,225000,25.0,9000,1
92600,106000,18.0,5889,1
92000,122900,19.0,6468,1
92380,279000,48.0,5604,2
92310,285000,66.0,4318,3
92100,230000,19.0,11600,1
92110,139000,16.0,8063,1
92110,195000,25.0,7400,2
92110,275000,34.0,7735,1
92320,293000,56.03,5229,3
92400,290000,45.0,6444,2
92600,100000,18.0,5556,1
92600,200000,37.0,5405,2
92700,190000,25.24,7528,1
92700,280000,52.0,5385,3
92120,222000,33.37,6443,2
92600,267000,39.0,6538,2
92360,230000,69.0,3333,4
92140,299000,42.4,7052,3
92240,300000,41.46,7236,2
92130,215000,23.8,8613,1
92130,250000,26.96,8902,1
92360,199000,56.0,3554,3
92320,259500,44.46,5646,2
92340,289000,62.0,4435,2
92130,294000,44.0,6500,2
92600,155000,23.0,6304,1
92290,240000,60.0,3828,2
92350,290000,67.0,4182,4
92600,282000,38.0,7105,2
92210,80000,9.0,8356,1
92230,248000,47.71,4998,3
92600,271000,82.0,3173,4
92320,289000,45.0,6422,3
92600,295000,74.0,3833,3
92600,298000,79.0,3633,4
92130,185000,18.0,10300,1
92400,235000,30.0,7833,1
92350,279000,60.0,4650,3
92700,175000,36.0,4861,2
92290,299000,65.0,4600,3
92260,265000,67.0,3955,3
92360,210000,56.0,3750,3
92160,239000,64.0,3734,3
92700,257250,61.0,4016,2
92320,282000,63.0,4476,3
92120,189000,25.86,6922,1
92600,155000,20.0,7750,1
92140,143000,26.0,5192,2
92150,199000,23.0,8217,1
92700,275000,62.0,4435,3
92310,240000,26.0,9231,1
92130,250000,32.0,7438,2
92600,275000,42.0,6310,1
92250,210000,31.95,6573,2
92700,235000,41.95,5602,2
92160,255000,74.36,3429,4
92500,290000,46.13,6048,3
92100,296000,28.76,9709,1
92240,195000,27.0,7222,1
92600,250000,42.0,5952,2
92160,259000,55.0,4528,3
92170,290000,38.57,7343,2
92100,275000,38.31,6787,2
92600,183750,29.0,6336,1
92000,209000,29.0,7207,1
92500,229000,51.0,4314,3
92310,230000,30.0,7667,1
92360,239000,62.0,3855,3
92200,180000,15.0,1200,1
92600,185000,24.86,7442,2
92360,294000,94.0,2979,5
92150,282900,39.0,6923,2
92800,282900,39.0,6923,2
92290,125000,18.67,6695,1
92350,229000,55.0,4164,3
92500,290000,51.0,5686,3
92300,180000,22.75,7473,1
92290,187000,30.0,6000,1
92250,225000,29.0,7414,1
92700,229900,77.0,2986,4
92140,256000,35.0,7314,1
92140,273000,44.0,5909,2
92100,265000,51.53,5143,2
92190,140000,15.0,9333,1
92100,265000,25.0,10600,2
92120,106038,26.0,4078,1
92400,142000,21.64,6562,1
92600,274000,62.29,4174,3
92100,236000,22.31,10600,1
92240,95000,13.0,7308,1
92140,185000,28.31,6535,2
92230,150000,22.0,6818,1
92160,292000,58.12,4818,3
92160,260500,67.02,3656,3
92700,295000,40.0,7375,2
92360,145000,27.0,5370,1
92140,139900,21.0,6662,2
92400,250000,32.0,7813,1
92700,236500,73.0,3240,3
92320,219000,25.0,8760,2
92600,285000,35.0,8143,2
92300,245000,23.0,10700,2
92330,280000,27.0,10400,1
92290,178000,39.0,4564,2
92260,299000,64.0,4453,4
92600,150000,32.55,4608,1
92700,230000,26.0,8846,2
92360,231000,64.0,3438,4
92320,169600,22.87,7171,1
92700,255000,35.56,7171,2
92300,299000,32.09,9006,2
92390,300000,86.0,3488,4
92270,180000,26.0,6923,2
92400,250000,30.0,8067,1
92000,232000,44.0,5273,2
92170,178500,20.65,8232,1
92240,166000,15.07,1100,1
92240,249400,29.03,8095,2
92100,189000,15.0,12600,1
92360,299990,94.0,3191,5
92600,75000,8.0,8375,1
92360,212500,70.0,3036,4
92140,275000,42.01,6332,2
92100,299500,29.07,10300,1
92700,225000,41.0,5488,2
92600,287000,64.0,4484,3
92290,208000,35.0,5943,2
92320,252 000 à 284 000 €,28 à 31 m²,5943,1
92250,285000,25.26,11300,1
92110,205000,21.22,9213,1
92320,198000,42.0,4714,2
92000,249000,41.54,5705,2
92000,255000,42.98,5933,2
92600,268000,36.43,7357,2
92600,295000,40.01,7123,2
92110,299000,33.0,8788,2
92100,58000,6.0,9667,1
92600,150000,20.0,7500,1
92500,298000,66.12,4507,3
92130,299000,35.14,8167,1
92700,294000,58.0,5069,3
92700,150000,18.43,8139,1
92150,240000,34.0,7059,1
92300,280000,33.0,8485,2
92110,240000,32.19,7456,2
92270,76000,10.0,7600,1
92500,200000,29.0,6897,1
92000,295900,55.0,5380,3
92100,190000,14.57,1300,1
92600,120000,15.66,7663,1
92200,260000,25.0,10400,2
92320,279000,29.0,9621,1
92100,295000,33.67,8762,2
92290,289000,67.0,4313,3
92300,260000,26.68,9370,2
92600,245000,41.42,5915,2
92120,118250,25.0,4730,1
92600,85000,11.0,7727,1
92160,189900,51.0,3724,3
92160,229000,62.56,3660,4
92700,295000,48.0,6146,2
92600,190000,25.61,7419,2
92140,240000,36.87,6509,2
92250,290000,45.0,6444,2
92600,235000,43.23,5436,3
92160,269000,64.0,3984,3
92200,127800,13.17,9704,1
92160,279000,62.79,4443,3
92290,179000,34.0,5265,1
92600,249000,34.0,7049,2
92140,250000,44.0,5409,2
92170,299000,43.12,6667,2
92200,175000,20.0,8750,1
92600,144500,19.48,7418,1
92330,174000,22.76,7645,1
92360,283000,82.0,3293,5
92120,200000,27.0,7222,1
92120,200000,27.0,7222,1
92170,180000,22.0,8182,1
92100,209000,24.42,8229,1
92170,177915,21.0,8472,1
92170,294915,54.0,5461,2
92300,85000,9.0,9444,1
92310,244505,42.0,5822,2
92600,200000,30.78,6498,2
92600,217000,29.17,7439,1
92330,121600,14.0,8686,1
92700,275000,51.26,5365,3
92390,170000,43.0,3953,2
92260,285990,67.0,4104,3
92340,239 000 à 277 000 €,24 à 31 m²,4104,1
92290,269000,33.15,8115,1
92260,289000,66.68,4079,4
92300,295000,34.0,8344,2
92360,161000,46.0,3500,2
92400,275000,37.0,7432,2
92130,177000,20.0,8500,1
92360,260000,78.0,3333,4
92700,142000,22.0,6136,1
92390,250000,60.0,4167,3
92700,175000,26.0,6731,1
92410,215000,27.0,7963,1
92600,220000,26.25,8381,2
92260,268000,40 à 51 m²,8381,2
92700,219000,67.53,3125,3
92700,280000,58.0,4828,3
92700,150000,31.86,4708,2
92320,280000,41.0,6630,2
92600,299000,40.0,7257,2
92260,269000,46.0,5587,2
92700,189000,33.0,5455,2
92160,199000,35.0,5686,2
92350,255000,67.07,3802,4
92270,299000,43.0,6953,3
92360,165000,45.0,3667,2
92160,168000,27.0,6222,1
92290,260000,34.73,7486,1
92100,150000,12.0,12100,1
92360,249000,62.0,3839,3
92100,291000,33.0,8818,2
92160,259000,57.0,4544,3
92140,290000,60.73,4775,3
92600,265000,40.0,6625,2
92240,120000,20.0,6000,1
92100,80000,9.01,8879,1
92600,285000,35.0,8143,2
92130,299000,35.0,8543,2
92130,267800,31.0,8639,2
92100,154000,12.0,12100,1
92190,177500,27.0,6574,2
92260,249000,52.47,4541,3
92160,281000,49.83,5418,2
92270,189000,30.0,6300,1
92170,250000,25.0,1000,1
92190,95000,17.0,5588,1
92190,105000,15.0,7000,1
92190,116000,20.0,5800,1
92170,250000,29.0,8329,1
92360,252000,76.0,3158,4
92600,130000,2150 € de rente mensuelle,Rente : 2 150 €/mois,Âge du crédirentier : 72
92700,160000,20.01,7996,1
92340,95000,13.0,6692,1
92130,299000,24.0,12500,1
92330,298000,52.98,5625,3
92290,293000,41.0,7146,2
92600,249000,55.0,4527,3
92320,280000,42.0,6667,2
92260,249000,67.68,3517,3
92400,299000,49.95,5746,2
92130,159400,17.24,8695,1
92100,180000,22.68,7496,1
92400,265000,36.0,7361,3
92150,265000,33.0,8030,1
92360,212000,56.0,3786,3
92360,73000,11.0,6636,1
92160,285000,71.4,3824,4
92360,200000,55.0,3636,3
92240,138000,23.0,6000,1
92110,283000,31.0,9129,2
92400,273000,32.0,8531,1
92700,233000,49.0,4755,2
92200,102000,9.0,10200,1
92700,110000,13.0,8462,1
92600,289000,37.34,7740,2
92240,250000,38.0,6579,2
92600,250000,32.0,7813,1
92600,250000,32.0,7813,2
92500,299990,3 pièces,7813,1 chambre
92500,170000,25.0,6800,1
92390,270000,68.0,3971,3
92240,300000,45.44,6272,3
92240,138000,21.0,6571,1
92000,220000,43.0,5116,2
92000,220000,43.0,5116,2
92120,279000,34.49,7683,2
92160,189000,51.0,3706,2
92600,258500,41.0,6305,1
92160,211000,38.0,5342,2
92110,259000,34.0,7176,2
92140,224000,54.8,4088,3
92130,249000,28.0,8607,2
92800,229000,26.1,8774,1
92600,175000,24.0,7292,1
92000,249900,43.0,5812,2
92300,292000,34.0,8588,3
92700,185000,39.0,4744,2
92500,140000,45.0,3111,2
92220,à partir de 246 000 €,34 m² min,3111,1
92400,285000,38.0,7500,2
92120,245000,36.06,6794,2
92360,212700,56.0,3798,3
92600,274000,39.0,7026,2
92700,249000,47.0,5298,2
92390,130000,44.0,2773,2
92360,205000,57.0,3596,3
92140,258000,32.0,8063,1
92270,239000,40.0,5745,2
92200,189800,13.0,13800,1
92360,185000,56.0,3304,3
92400,250000,27.0,8889,1
92350,265000,39.41,6724,2
92400,267000,36.11,7394,1
92700,189000,64.0,2953,3
92700,210000,26.0,8077,2
92160,299000,63.0,4746,3
92310,110000,18.0,6111,1
92320,252 000 à 284 000 €,28 à 31 m²,6111,1
92100,265000,27.0,9444,1
92600,275000,44.0,6250,2
92130,300000,37.6,7620,1
92700,244000,43.12,5659,2
92160,249000,47.77,4961,3
92300,243000,39.0,5905,2
92210,267000,24.55,10900,46 m² de terrain
92150,287000,37.21,7390,2
92320,246500,41.0,6012,2
92500,263000,38.0,6921,2
92200,262000,21.4,11800,1
92240,300000,31.0,9677,2
92290,296000,36.52,8105,2
92400,177117,25.0,7085,1
92100,207000,25.0,7812,1
92100,248850,27.0,9217,2
92500,169000,28.3,5972,1
92500,189000,28.38,6660,1
92320,299000,55.33,5404,2
92320,195000,29.0,6724,1
92600,290000,44.0,6591,3
92600,230050,37.25,5772,2
92100,140000,16.0,8138,1
92120,295000,35.57,8012,2
92700,240000,40.0,6000,1
92500,294000,64.53,4339,3
92100,273000,26.0,10500,2
92300,97000,9.15,9727,1
92150,250000,34.0,7353,2
92150,265000,39.03,6790,2
92600,279000,38.0,7105,2
92170,234000,25.0,8800,1
92170,259000,51.2,4785,2
92500,235000,52.68,4252,3
92320,241000,35.0,6571,1
92320,284000,51.51,5513,3
92140,289000,52.51,5504,2
92320,231000,39.39,5864,2
92320,249000,51.87,4800,3
92320,279000,51.69,5398,3
92320,299000,50.0,5980,3
92340,133000,22.54,5901,1
92100,259000,25.0,1000,2
92400,220000,27.0,8148,1
92410,270000,47.0,5489,2
92130,254500,38.0,6487,2
92600,232000,44.0,5000,2
92700,229000,54.0,4094,3
92110,139000,15.0,9267,1
92600,239000,32.44,7367,2
92500,279000,63.0,4429,3
92190,295000,60.0,4917,3
92160,273000,63.0,4333,3
92700,289000,42.01,6879,2
92360,87000,13.0,6692,1
92140,246000,32.23,7633,2
92160,285000,58.0,4914,3
92160,200000,43.0,4651,2
92600,210000,26.0,7692,1
92600,210000,26.0,7692,1
92600,245000,32.0,7344,1
92600,75000,8.62,8701,1
92230,190000,37.0,5135,2
92600,229000,62.0,3694,3
92360,194000,55.0,3364,3
92500,265000,28.0,9464,6 m² de terrain
92160,184000,44.0,4182,2
92360,190000,56.0,3393,3
92130,299000,35.79,8354,2
92210,139000,15.0,9267,1
92350,266000,36.0,7111,2
92240,225000,26.0,8654,1
92600,275000,40.0,6875,2
92130,199000,23.27,8552,2
92130,284000,27.02,1000,1
92600,200000,37.0,5405,2
92000,209000,28.7,7282,1
92400,185000,21.12,8759,1
92220,248000,51.27,4584,3
92140,229000,46.48,4927,2
92000,199000,29.0,6862,1
92100,250000,30.14,7797,2
92700,295000,48.0,6146,2
92100,179500,19.0,9447,1
92700,296000,41.0,7220,2
92250,220000,25.0,8800,2
92120,245000,36.0,6806,2
92500,160000,49.0,3061,2
92350,230000,54.56,4216,3 m² de terrain
92170,240000,38.0,6316,2
92170,248000,30.74,7807,2
92130,248000,30.74,7807,2
92130,199000,23.62,8425,1
92500,225000,30.0,7500,1
92140,289000,52.51,5504,3
92600,249000,32.0,7781,2
92160,186000,26.53,6581,1
92140,241500,53.0,4557,2
92700,296000,69.0,4290,4
92160,279000,60.0,4650,3
92350,275000,52.0,5192,3
92600,200000,32.0,6250,2
92160,294000,59.0,4983,3
92200,245000,30.06,8150,2
92350,231000,34.0,6324,1
92350,169500,30.8,5195,1
92350,169500,30.8,5195,1
92230,285000,43.0,6628,2
92230,285000,43.0,6628,2
92300,208000,26.6,7519,1
92130,298000,39.4,7360,2
92250,276000,39.03,7071,2
92000,195000,34.33,5389,2
92250,276000,39.03,7071,2
92140,245000,29.58,8283,1
92230,289000,80.0,3613,4
92140,149000,17.42,8152,1
92120,249500,38.0,6368,2
92700,175000,30.0,5833,3
92000,199500,30.0,6650,2
92400,276000,28.2,9321,1
92160,225000,31.0,7258,1
92110,283250,41.0,6909,2
92170,230000,26.0,8846,1
92400,245000,37.85,6156,2
92230,158000,34.96,4519,2
92000,179000,29.4,5816,1
92270,208650,31.75,6572,2
92600,299000,47.0,6362,3
92340,195000,25.0,7400,2
92240,290000,38.55,7523,2
92290,165000,27.0,6111,1
92360,214000,55.0,3727,3
92700,240000,46.0,5217,2
92170,262000,30.0,8733,1
92300,300000,29.0,1000,1
92120,287000,44.19,6495,2
92220,267750,56.0,4554,3
92500,295000,50.0,5900,3
92160,262000,42.0,5952,2
92320,262000,66.81,3742,3
92600,280000,43.0,6279,3
92400,197000,24.8,7460,1
92600,170000,21.0,8095,1
92290,296000,36.52,8105,2
92700,250000,47.0,5319,2
92400,177117,24.72,7165,1
92400,239000,28.91,7949,1
92500,300000,54.98,5457,3
92330,159000,27.0,5630,1
92260,170000,30.03,5328,2
92150,247000,33.02,7480,1
92130,278000,24.1,11200,1
92360,231000,69.0,3188,4
92270,139500,20.88,6681,1
92210,300000,36.7,7898,2
92230,239000,71.7,3333,3
92140,300000,78.86,3804,4
92160,175000,32.0,5469,1
92320,80000,9.0,7778,1
92140,205000,35.66,5749,2
92160,289000,45.0,6422,2
92500,250000,46.87,5104,2
92100,260000,25.84,9675,1
92600,300000,42.0,7143,2
92600,300000,42.0,7143,2
92360,231000,65.0,3385,3
92100,166000,16.67,9418,1
92290,157000,26.0,6038,1
92500,235000,30.0,7833,1
92290,170000,37.0,4595,1
92100,299000,26.58,10700,1
92380,295000,43.37,6540,2
92270,132500,17.01,7790,1
92600,110603,18.42,6005,1
92400,238135,28.44,8373,1
92000,268000,55.16,4859,3
92300,57000,12.23,4088,1
92140,162000,31.08,5212,2
92250,285000,29.0,9828,1
92700,207000,33.0,6273,1
92140,290000,47.0,6170,2
92600,262000,38.31,6526,2
92500,160000,49.11,3258,2
92210,277000,25.0,10600,1
92130,159000,19.0,8368,1
92130,280000,31.1,9003,1
92270,147000,21.0,7000,1
92400,279900,37.0,7565,2
92600,152000,21.0,7238,1
92000,229900,35.0,6569,1
92400,300000,34.0,8824,1
92500,160000,27.0,5926,2
92290,288000,61.61,4675,3
92300,211000,39.71,5037,1
92600,190000,30.0,6333,2
92600,251000,40.0,6275,2
92700,253000,42.0,5690,2
92350,280000,59.55,4702,6 m² de terrain
92600,209000,30.0,6967,2
92170,280000,53.13,5059,3
92110,189000,26.0,7269,1
92600,149000,22.0,6773,1
92600,135000,15.0,9000,1
92260,282000,68.1,3994,4
92300,230000,21.0,10500,1
92600,264000,46.0,5739,3
92360,174000,55.0,3000,3
92000,175000,26.6,6241,1
92130,230000,36.5,6301,2
92160,273000,57.42,4754,3
92600,152000,23.0,6609,1
92260,264000,57.29,4364,3
92700,229000,54.0,4167,2
92700,279000,47.0,5936,2
92000,268000,61.0,4393,3
92360,220500,56.0,3750,3
92400,253000,32.0,7594,2
92360,190000,57.8,3114,3
92360,259000,75.33,3438,4
92230,215000,40.0,5375,2
92000,260000,40.75,6380,3
92170,290000,38.0,7237,2
92120,265000,40.01,6373,2
92300,170000,22.58,7529,1
92500,225000,30.0,7500,1
92220,295000,63.0,4444,4
92190,299000,50.0,5723,2
92700,165000,35.0,4714,2
92110,185000,23.0,8043,2
92100,239000,28.38,7928,1
92500,299000,67.0,4463,3
92380,250000,37.0,6514,2
92350,249000,42.0,5646,2
92320,263000,35.0,7514,1
92500,270000,55.0,4909,3
92800,245000,32.0,7656,2
92140,199000,31.03,6413,1
92330,295000,39.0,7256,2
92120,145000,27.33,4940,1
92100,200000,19.0,10500,1
92600,273000,78.0,3500,4
92000,259900,48.5,5359,3
92150,253434,Âge de la crédirentière : 77,5359,57 m²
92400,299000,33.0,9061,2
92330,260000,26.33,9875,1
92000,232500,46.69,4980,3
92170,285000,38.0,7500,2
92270,132500,17.01,7349,1
92600,210000,28.0,7143,2
92160,275000,68.6,3834,4
92600,150000,22.0,6818,2
92270,169000,18.72,9028,18 m² de terrain
92240,240000,52.0,4423,3
92210,80000,14.5,5517,1
92600,169000,23.0,7348,2
92170,299000,41.0,7098,2
92130,230000,36.5,6301,2
92600,200000,24.0,8333,1
92390,169900,65.0,2614,4
92290,221000,43.0,5140,2
92600,227000,35.97,6311,2
92360,295000,76.0,3688,4
92700,204104,21.0,9719,1
92390,219000,78.0,2808,4
92140,256000,54.79,4672,3
92220,295000,70.0,4214,4
92110,233500,32.6,6902,2
92250,276000,39.0,7077,3
92130,130000,12.16,10100,1
92600,150000,18.0,8000,1
92600,292000,79.0,3696,4
92210,129000,16.0,8063,1
92270,195000,34.0,5515,2
92160,157500,44.18,3565,2
92000,167000,22.0,7591,1
92160,299000,63.0,4746,3
92110,260000,34.0,7647,2
92140,240000,30.0,8000,2
92700,175000,30.0,5833,1
92360,281000,87.09,3073,5
92190,75000,11.0,6818,1
92120,188400,19.0,9916,1
92600,249000,44.0,5659,2
92700,259500,53.68,4657,3
92120,45000,12.39,3305,1
92000,264900,62.0,4273,3
92500,299990,60.34,4806,3
92500,164000,19.0,8158,1
92330,294000,50.0,5880,2
92700,169000,29.48,5326,2
92400,219000,32.0,6844,1
92110,180000,21.53,7896,1
92110,199000,26.52,7164,2
92800,169000,20.0,8000,1
92200,201400,15.0,12700,1
92500,180000,27.72,6494,1
92300,153700,14.0,1100,1
92270,300000,45.0,6667,2
92360,209000,55.0,3636,3
92500,288000,53.62,5371,3
92230,243000,66.51,3654,4
92310,260000,51.0,5098,2
92700,185000,39.01,4742,2
92600,294500,37.0,7959,2
92600,215000,41.72,5153,2
92340,299000,61.02,4671,4
92000,199900,30.13,6635,1
92100,149000,15.0,9933,1
92160,211000,38.02,5339,2
92500,243000,36.0,6389,1
92000,290000,67.0,4328,3
92270,230000,43.0,5349,2
92600,269000,60.0,4333,3
92700,210000,68.0,3088,3
92130,295000,38.0,7368,2
92110,187000,31.0,5742,1
92400,263000,32.0,7906,2
92170,249000,31.5,7587,2
92130,228000,25.25,9030,2
92500,220000,67.0,3284,3
92700,149000,24.0,6208,1
92140,299000,51.76,5777,3
92100,281800,31.0,8710,2
92320,239400,32.05,7114,2
92140,274900,79.0,3480,5
92140,230000,43.0,5116,2
92230,250000,80.0,3125,4
92130,242500,29.0,8362,1
92100,295000,32.2,9161,2
92160,226000,42.64,5300,2
92210,250000,41.0,5854,2
92270,259000,38.0,6816,2
92000,220000,33.71,6526,2
92150,295000,50.0,5620,2
92600,199000,25.0,7960,1
92500,210000,54.0,3722,3
92600,75000,8.06,8685,1
92500,189000,26.0,6923,2
92600,239000,34.0,7029,2
92290,210000,46.06,4342,2
92130,138800,17.35,7493,1
92340,280000,49.54,5652,3
92360,219000,55.0,3818,3
92400,269300,37.0,7135,2
92000,164900,30.0,5497,2
92600,127500,17.0,7500,2
92500,219500,67.0,3276,3
92500,265000,37.0,7162,2
92350,à partir de 235 000 €,2 pièces,7162,Livraison 3e trim. 2025
92100,299000,26.58,11300,1
92500,240000,63.5,3780,4
92000,285000,57.55,4952,3
92320,238000,42.34,5432,2
92500,181000,51.0,3333,2
92000,286000,52.25,5263,3
92700,153000,22.32,6855,1
92140,258000,45.0,5444,2
92700,272000,49.0,5551,2
92300,259000,29.0,8414,1
92400,269000,44.5,6045,2
92700,235000,33.53,7009,2
92500,240000,65.0,3462,3
92250,240000,25.03,9588,1
92600,180870,34.0,5320,2
92140,184000,26.0,6731,1
92290,264 800 à 280 800 €,46 à 48 m²,6731,2
92500,240000,67.0,3358,3
92300,298000,49.0,5714,2
92300,257000,52.75,4645,2
92600,233800,29.55,7912,1
92200,134000,12.1,11100,1
92500,220000,67.0,3060,3
92300,256000,53.0,4577,2
92370,294000,50.0,5880,2
92130,296000,48.0,5875,2
92160,168000,34.22,4676,1
92140,295000,42.27,6979,2
92230,265000,40.0,6625,2
92600,255000,41.0,6000,2
92100,194900,21.0,8810,1
92200,120000,11.0,10900,1
92220,179000,30.42,5884,1
92500,230000,51.0,4314,3
92320,271000,41.0,6610,2
92170,206000,1 pièce,6610,Date de réalisation du DPE : 22 décembre 2021
92600,230000,62.0,3710,3
92200,270000,25.0,10800,1
92600,285000,35.0,7886,1
92310,280000,52.0,5385,2
92380,250000,30.0,8333,2
92130,155000,20.0,7750,1
92170,200000,26.0,7692,1
92170,106000,19.0,5263,1
92250,130000,15.74,7624,1
92370,195000,31.67,6157,1
92170,299000,55.25,5158,3
92240,236000,29.02,8132,2
92110,245000,30.0,7667,2
92320,249000,61.02,4081,3
92330,277000,31.0,8935,1
92170,109000,11.0,9909,1
92360,195000,54.77,3560,3
92300,200000,20.0,9600,1
92170,225000,26.0,8654,2
92600,249000,34.0,7324,2
92600,280000,41.0,6592,2
92270,283500,41.0,6915,2
92500,231000,25.0,9240,1
92350,294000,2 pièces,9240,Point de vente : 13 avenue Denis Papin 92350 Le-Plessis-Robinson
92240,246750,30.0,7833,2
92130,228000,25.25,9030,1
92500,215000,31.0,6935,1
92500,215000,31.0,6935,1
92600,245000,27.75,8829,1
92400,285000,42.0,6476,2
92250,285000,28.69,9934,1
92380,136000,20.0,6500,1
92290,245000,46.35,4962,2
92260,167000,26.0,6423,1
92220,288000,40.0,7200,2
92360,219000,55.0,3982,3
92500,230000,66.0,3258,3
92400,220000,27.1,8118,1
92150,199000,23.28,8119,2
92410,55000,9.03,6091,1
92310,280000,52.0,5385,2
92360,190000,43.0,4419,2
92320,289000,45.83,6088,3
92130,159000,19.0,8368,1
92260,162000,26.0,6231,1
92600,215000,35.0,6143,1
92200,230000,23.0,1000,1
92220,260000,60.0,4333,3
92390,108000,22.0,4909,1
92600,75000,8.0,8750,1
92110,235000,29.0,7759,2
92600,300000,88.0,3409,5
92600,125000,18.0,6944,1
92120,289000,42.0,6881,2
92290,280000,69.0,4058,2
92270,252000,27.45,9180,1
92260,235000,56.0,4196,3
92140,235000,28.13,8354,1
92210,220000,34.0,6294,1
92170,297000,54.74,5426,3
92500,194000,30.76,6307,1
92120,299900,32.68,8721,1
92130,158500,20.0,7925,1
92220,135000,22.0,6136,1
92300,299000,35.0,8543,2
92140,159000,23.63,6475,1
92130,159000,17.11,8767,1
92290,205000,44.0,4659,2
92400,290000,45.25,6409,2
92190,105000,15.96,6250,1
92320,249000,38.0,6553,2
92500,295000,46.75,6310,2
92120,227150,Âge de la crédirentière : 79,4938,46 m²
92600,255000,28.0,9107,1
92250,235000,43.37,5418,2
92230,239000,42.0,5690,2
92200,185000,12.89,14300,1
92350,265000,40.0,6625,2
92350,265000,40.0,6625,2
92110,172000,21.0,7762,2
92600,255000,31.0,7903,1
92600,197500,26.0,7596,2
92170,267000,44.12,5780,2
92200,210000,20.0,10500,1
92400,300000,43.0,6644,2
92120,225000,48.0,4406,2
92290,261440,Âge de la crédirentière : 93,4753,55 m²
92120,299000,32.0,9344,2
92360,242000,64.0,3781,4
92100,277000,32.0,8281,2
92320,279000,61.11,4566,3
92700,179900,21.8,8073,1
92290,250000,53.0,4492,2
92250,175000,24.0,7292,1
92140,290000,80.0,3438,5
92170,249000,33.25,7188,2
92500,260000,41.0,6341,2
92120,205000,28.0,7321,1
92320,250000,31.0,8065,2
92130,270000,27.06,9534,1
92360,242000,63.0,3651,4
92260,290000,70.0,3929,4
92400,178135,28.0,6362,1
92500,219440,29.0,7276,1
92160,275000,68.0,4044,4
92130,140000,17.0,8235,1
92140,245000,29.77,8230,1
92270,249000,28.0,8893,1
92370,250000,36.0,6944,2
92000,285000,40.36,7061,2
92700,212000,Honoraires partagés entre acquéreur et vendeur,4511,47 m²
92350,215000,35.9,5989,2
92170,106000,12.78,7825,1
92400,99000,11.19,8400,1
92110,181900,27.17,6695,2
92390,215000,71.55,3005,4
92270,174000,26.48,6571,1
92170,285000,39.0,7308,2
92110,287000,41.21,6964,2
92260,195000,39.0,5000,2
92500,257250,44.15,5549,2
92320,180000,29.0,6207,1
92320,199000,29.86,6330,2
92320,199000,29.86,6330,2
92320,275900,60.0,4598,3
92160,275900,60.0,4598,3
92160,260000,55.0,4727,3
92110,275000,33.0,8333,2
92170,300000,45.95,6529,2
92170,210000,26.4,7576,1
92130,234000,24.47,9195,1
92600,239000,32.0,7156,1
92170,259500,34.07,7367,2
92200,162000,15.0,10800,1
92290,252000,41.13,6127,2
92110,190000,29.0,6552,1
92320,299000,56.0,5339,3
92600,265000,40.0,6375,2
92160,250000,65.98,3562,4
92320,247500,48.68,5084,2
92240,299000,43.0,6953,2
92330,280000,27.6,10100,1
92150,203000,21.0,9667,2
92120,299000,36.0,8306,2
92360,74000,13.0,5385,1
92270,160000,19.0,8421,1
92390,210000,55.0,3818,3
92130,287000,31.16,9211,1
92340,210000,30.55,6874,1
92360,295000,77.0,3831,4
92360,293000,78.0,3756,4
92600,265200,29.0,9145,1
92370,275000,50.36,5461,2
92380,215000,29.0,7414,1
92200,188000,15.0,12500,1
92500,230000,26.84,8569,1
92120,299000,37.23,8031,2
92340,189000,24.0,7875,1
92360,212000,56.68,3545,3
92210,256500,52.0,4933,2
92600,274000,39.0,6731,2
92400,89000,10.0,8900,1
92160,285000,58.33,4886,2
92170,165000,19.93,7961,1
92600,248000,38.26,6482,2
92360,236000,61.0,3689,3
92320,175000,25.54,6852,1
92140,283000,53.0,5189,3
92340,275000,66.0,4021,4
92600,280000,43.0,6279,2
92700,192000,44.8,4286,3
92140,300000,45.24,6300,2
92130,165000,16.7,9880,1
92500,235000,37.5,6000,2
92130,215000,22.0,9773,2
92130,289900,35.8,7818,2
92200,85000,8.6,9884,1
92130,270000,30.0,9000,2
92120,50000,2338 € de rente mensuelle,Rente : 2 338 €/mois,Âge du crédirentier : 84
92220,275000,44.0,6250,2
92220,299900,60.65,4740,3
92600,148000,21.0,6667,2
92170,189000,25.0,7200,1
92270,300000,41.0,7317,3
92300,299000,31.0,9283,2
92250,199000,30.0,6633,2
92170,230000,25.43,8651,2
92700,110000,19.91,5525,1
92170,299000,49.0,6102,3
92370,215000,36.0,5972,2
92200,262000,52.09,4780,2
92500,260000,40.27,6456,2
92340,228000,36.73,6207,2
92250,265000,47.0,5638,2
92400,299425,45.0,6654,2
92210,250000,34.0,6937,2
92120,199000,25.16,7552,1
92600,270000,52.0,4933,2
92500,137800,39.7,3275,1
92240,230000,29.41,7820,2
92310,218000,32.0,6813,1
92360,219000,56.0,3911,3
92130,229000,24.0,9167,1
92120,259000,27.85,9300,1
92600,299000,39.0,7410,2
92190,262000,45.0,5822,3
92250,260000,48.0,5208,3
92170,260000,32.92,7631,1
92350,288000,66.0,4212,4
92110,300000,38.0,7895,2
92700,290000,55.0,5273,2
92700,142000,22.0,6455,1
92380,294990,58.0,5086,3
92600,200000,27.24,6608,1
92260,298000,73.0,3918,3
92220,290000,60.0,4833,3
92370,255000,44.0,5795,2
92800,295000,37.0,7973,2
92370,151641,Âge du crédirentier : 67,3159,48 m²
92220,199000,21.23,9374,1
92140,274900,79.0,3480,5
92600,245000,38.0,6211,2
92300,277000,32.0,8656,2
92230,295000,76.0,3882,4
92700,219000,67.0,3269,3
92110,274000,33.0,8030,2
92330,295000,49.0,6020,2
92160,169000,30.0,5633,1
92130,289000,88.0,3284,3
92200,56000,7.0,8000,1
92150,196000,29.82,6204,1
92600,241000,34.0,6765,2
92300,259000,26.16,9557,2
92250,86000,11.7,7350,1
92230,138500,20.83,6649,1
92250,290000,40.79,7110,2
92600,260000,41.75,6228,2
92250,122000,18.0,6778,1
92250,122000,18.0,6778,1
92270,265000,39.0,6538,2
92160,157000,25.66,6118,1
92600,239000,37.0,6459,2
92150,272000,42.0,6476,2
92400,284000,38.8,6830,1
92370,257000,60.0,4083,2
92290,149000,26.54,5614,1
92140,190000,28.0,6429,2
92370,283000,35.0,8086,2
92250,139000,17.0,8176,1
92500,276000,44.34,6225,2
92500,276000,44.34,6225,2
92600,155000,21.0,7381,1
92140,261000,63.81,4090,4
92500,200000,27.09,7383,2
92150,169000,28.55,5604,1
92210,297000,42.0,7071,2
92190,285000,62.38,4386,4
92600,230000,30.0,7450,2
92500,195000,25.53,7638,1
92130,145000,18.0,8056,1
92250,279000,44.0,6341,3
92100,230000,27.0,8111,1
92360,87000,13.0,6385,1
92700,243313,31.6,7700,1
92350,245000,54.46,4499,3
92260,250000,41.05,6090,2
92700,179000,27.63,6478,1
92250,126000,15.0,8400,1
92250,110000,13.0,8462,1
92700,269500,41.0,6573,2
92360,209000,56.0,3732,3
92500,230000,23.43,9816,1
92600,250000,31.0,7742,1
92110,281200,Âge de la crédirentière : 83,4463,63 m²
92400,215000,24.0,8958,1
92320,274000,49.0,5592,2
92120,110000,13.0,7692,1
92220,300000,75.0,4000,4
92160,160000,25.66,5846,1
92390,169000,56.0,3018,3
92190,289000,42.01,6879,2
92150,282000,41.95,6433,1
92290,250000,62.77,3823,2
92600,122000,10.0,12200,1
92250,294000,38.0,7737,1
92290,290000,62.77,4461,3
92800,292000,32.0,9125,2
92500,263000,37.0,6932,2
92360,260000,72.0,3444,4
92100,114000,12.79,8327,1
92270,120000,19.58,5618,1
92100,260000,30.0,8167,2
92320,128000,19.0,6737,1
92290,284000,43.6,6514,2
92230,299000,80.0,3738,4
92380,220000,32.78,6453,1
92350,250000,46.52,5374,19 m² de terrain
92110,299000,43.0,6628,2
92370,259000,54.0,4796,2
92130,186000,17.1,10400,1
92600,130000,15.0,8000,1
92250,299500,44.0,6545,3
92200,95000,9.0,10600,1
92360,263000,70.0,3757,4
92170,279500,38.05,7083,2
92400,295000,48.5,5773,2
92110,245000,30.51,7702,2
92110,262500,52.86,4966,3
92600,218000,27.64,7887,1
92220,278500,43.31,6430,2
92600,130000,15.0,8000,1
92270,259000,41.0,6317,2
92240,284000,54.56,4949,2
92360,204900,56.0,3659,3
92250,279000,44.0,6341,2
92130,185000,19.0,9211,1
92390,130000,44.0,2773,2
92600,299000,45.0,6457,2
92110,215000,26.11,7851,2
92270,259000,38.0,6816,2
92100,299000,27.0,10600,1
92130,186000,17.1,10400,1
92300,210000,24.0,8750,2
92300,230000,24.0,9583,2
92300,230000,24.0,9583,2
92210,299000,38.7,7726,1
92170,105296,19.0,5542,1
92100,299500,25.52,11700,1
92400,160000,20.0,8000,1
92100,299500,25.52,11200,1
92000,158000,23.0,6870,1
92360,194900,56.0,3480,3
92140,300000,64.0,4688,3
92700,220000,39.19,5307,2
92120,225000,35.01,6198,2
92290,270000,63.36,4261,4
92300,172000,11.55,14300,1
92220,166000,24.51,6773,1
92700,179000,26.9,6654,2
92350,248000,72.0,3444,4
92240,165000,21.0,7857,2
92400,210000,27.74,7570,1
92320,195000,34.45,5340,2
92320,195000,34.45,5340,2
92110,275000,39.0,7051,3
92140,264600,62.97,4002,3
92600,280000,42.0,6667,2
92170,200000,17.6,11400,1
92120,177000,17.58,9386,1
92240,84000,9.71,8033,1
92300,85000,8.46,10100,1
92370,185500,28.0,6250,1
92120,202000,48.0,3958,2
92160,252000,54.0,4444,3
92290,238500,41.22,5786,2
92140,245000,50.0,4900,3
92120,229000,53.41,4288,2
92130,270000,25.0,10300,2
92160,279000,60.0,4483,3
92420,298500,42.0,7107,2
92100,179900,19.0,8947,1
92100,194900,22.0,8409,1
92100,285000,32.88,8364,2
92100,290000,34.69,8043,2
92380,238046,Âge du crédirentier : 79,8043,Âge de la crédirentière : 78
92140,82205,23.0,3574,1
92700,285000,45.75,6230,2
92700,286000,43.3,6605,2
92190,210000,40.0,5250,2
92350,285000,74.0,3851,4
92290,286000,33.0,8667,1
92700,199000,33.0,5791,2
92240,240000,44.0,5455,2
92400,268000,32.4,8272,1
92100,297000,30.0,9519,2
92230,299900,60.0,4998,3
92380,279000,51.8,5174,3
92170,208600,25.0,7800,2
92310,285000,46.46,5833,3
92110,255000,30.0,8167,2
92320,249000,52.09,4780,3
92360,26150,814 € de rente mensuelle,Rente : 814 €/mois,Âge de la crédirentière : 82
92600,239000,31.0,7710,2
92160,170000,23.0,7391,1
92400,273000,32.0,8125,1
92130,299000,55.5,5387,1
92110,250000,40.0,6250,2
92310,280000,51.8,5212,2
92300,259000,26.01,9612,2
92130,262600,29.0,8621,1
92230,178000,34.0,5235,2
92100,290000,39.0,7436,1 chambre
92100,298700,32.75,9121,1
92250,285000,28.0,10200,1
92250,230000,25.0,9200,1
92240,298000,50.0,5960,3
92370,156400,1061 € de rente mensuelle,Rente : 1 061 €/mois,Âge du crédirentier : 73
92600,295000,74.0,3986,3
92220,275000,44.0,6250,2
92500,276000,44.34,5985,2
92150,222000,36.0,6167,2
92120,205000,49.0,3878,2
92110,243000,33.0,7364,3
92260,170000,31.15,5136,1
92210,148000,16.44,9002,1
92220,140000,24.0,5833,1
92270,241000,30.0,8033,2
92170,208600,25.0,8344,2
92100,230000,22.0,10400,1
92210,120000,17.0,6471,1
92600,183750,29.0,6336,1
92290,239000,42.94,5403,2
92320,199000,23.0,8652,1
92130,275000,36.0,7639,2
92120,225000,48.5,4330,2
92210,164000,14.15,1100,1
92390,147000,45.0,3267,2
92260,123000,33.0,3485,2
92360,267000,72.0,3542,4
92600,239000,33.0,6939,2
92600,203000,28.0,6978,2
92300,232000,25.0,8800,2
92350,79000,9.5,8316,1
92600,275000,39.73,6922,2
92320,275000,35.62,7383,2
92300,190000,25.0,7600,2
92110,259000,31.0,8032,2
92110,230000,25.0,8800,1
92100,298200,32.8,8780,2
92130,270000,27.0,1000,1
92000,239900,38.0,6313,2
92140,300000,61.0,4918,3
92700,199000,33.0,6030,1
92240,275000,35.0,7857,2
92140,95000,13.0,6692,1
92400,281600,38.65,6986,2
92160,299000,63.0,4746,3
92170,250000,28.0,8500,2
92600,235000,62.0,3790,3
92700,236500,73.0,3240,3
92360,234000,61.0,3656,3
92300,290000,29.0,1000,2
92000,229000,39.0,5578,2
92110,285000,43.0,6628,3
92500,229900,27.4,8391,1
92110,222000,29.0,7241,1
92270,161000,20.0,8050,1
92310,286000,52.0,5385,2
92190,229000,33.0,6939,2
92170,240000,26.65,9006,1
92370,249000,51.76,4811,3
92170,202000,21.0,9619,1
92250,265000,37.0,7162,2
92150,245000,34.96,7008,2
92260,230000,54.25,4055,3
92500,200000,29.08,6534,1
92170,199500,26.0,7673,1
92100,158900,18.0,8333,1
92290,299000,66.82,4265,3
92200,88000,9.0,8906,1
92400,245000,30.0,8167,1
92700,179000,35.0,5114,2
92100,239000,29.0,7931,2
92250,169000,18.0,9389,19 m² de terrain
92400,216000,24.0,9000,1
92210,152000,20.0,7600,1
92320,299000,55.8,5125,3
92400,225000,26.0,8269,2
92200,162000,12.89,12600,1
92260,140000,23.0,6087,1
92100,270000,32.0,8438,2
92400,218000,27.13,8035,2
92320,199000,26.5,7509,1
92250,160000,22.0,7273,2
92100,164560,Âge de la crédirentière : 76,3227,51 m²
92240,199000,40.0,4975,2
92270,260000,45.0,5778,2
92240,150644,22.54,6683,1
92800,275000,27.0,10200,1
92700,139000,22.0,6318,1
92400,200000,39.0,4872,2
92110,192100,333 € de rente mensuelle,Rente : 333 €/mois,Âge du crédirentier : 85
92170,250000,36.14,6918,2
92250,285000,28.0,10200,2
92210,224000,24.0,9333,1
92270,235000,43.0,5465,2
92210,225000,30.0,7075,1
92110,124000,16.0,7750,1
92100,285000,29.52,9282,1
92000,299000,47.0,6149,2
92380,215000,29.0,7414,1
92240,270000,35.0,7714,2
92210,270000,40.0,6350,2
92000,185000,29.28,6318,1
92000,268000,41.57,6447,2
92340,239000,24.41,9791,1
92340,269000,31.27,8602,1
92190,197000,32.0,6156,2
92100,159231,1189 € de rente mensuelle,Rente : 1 189 €/mois,Âge du crédirentier : 81
92700,219000,32.0,6375,1
92320,249000,30.0,8300,2
92340,299000,60.0,4750,3
92290,290000,90.83,3193,4
92170,90000,10.0,9000,1
92380,250000,30.0,8333,2
92220,290000,60.0,4833,3
92290,234900,42.0,5593,2
92290,258000,36.0,7167,2
92350,269000,39.0,6769,2
92260,265000,50.0,5040,2
92420,252000,35.0,6857,2
92120,294000,40.82,6859,2
92170,282000,2 pièces,6859,1 chambre
92290,280000,66.83,4040,3
92320,148000,21.35,6698,1
92360,190000,43.4,4378,2
92100,298000,32.0,9313,1
92150,224599,28.0,8021,2
92310,262500,49.0,5357,3
92160,279000,60.0,4650,3
92120,289000,30.0,9633,2
92120,289000,30.0,9633,2
92250,199000,32.46,5853,1
92800,180000,23.0,7609,1
92290,250000,62.77,3823,2
92320,285000,42.0,6786,2
92200,120000,15.0,8000,1
92110,205000,25.0,8200,1
92120,225000,2 pièces,8200,1 chambre
92330,280000,27.0,10400,1
92170,295000,41.0,6829,2
92250,229000,35.0,6231,3
92330,180000,25.15,7157,1
92320,271000,27.0,1000,1
92210,79000,9.0,8778,1
92130,259000,25.1,10300,2
92350,299000,71.0,4211,3
92600,239600,36.0,6656,2
92400,230000,30.0,7400,2
92700,289000,42.0,6595,2
92600,299000,37.0,8081,2
92320,209000,30.77,6521,1
92220,289000,55.52,5205,3
92170,299000,55.0,5436,3
92170,299000,55.25,5158,3
92600,220000,31.0,6774,1
92500,220000,28.0,7464,1
92500,270000,41.0,6585,2
92700,279000,46.0,6065,3
92320,245500,41.0,5988,2
92160,230000,27.0,8519,1
92500,188000,31.0,6065,1
92330,280000,27.0,10400,1
92600,220000,32.35,6461,1
92390,199000,25.0,7960,1
92240,215000,27.2,7904,1
92270,263000,45.0,5556,2
92360,225000,67.0,3358,4
92140,96000,9.0,10700,1
92290,295000,52.0,5673,2
92140,274000,41.15,6367,3
92320,260000,41.05,6090,2
92230,189000,44.0,4295,2
92190,108000,15.0,6667,1
92350,289000,66.0,4379,3
92100,260000,28.0,9286,2
92000,245000,47.0,4936,3
92600,160000,18.0,8889,1
92600,180000,20.0,9000,1
92100,264000,27.0,9778,1
92340,226800,36.73,5881,2
92600,258500,40.58,6370,1
92400,260000,37.8,6878,2
92310,261920,Âge du crédirentier : 74,6878,79 m²
92370,178564,21.55,7891,1
92370,297606,41.08,6900,2
92270,260000,27.0,9259,1
92140,180000,25.77,6597,2
92000,279000,52.0,5365,3
92400,220000,1528 € de rente mensuelle,Rente : 1 528 €/mois,80
92320,255000,52.0,4904,3
92310,239000,50.0,4780,3
92270,299900,59.0,5083,2
92400,239000,36.16,6295,2
92100,209000,21.0,9952,1
92380,220000,35.03,6039,2
92300,275000,25.36,10300,1
92320,146000,19.3,7306,1
92350,295000,42.06,7014,3 m² de terrain
92200,144500,11.25,12800,1
92200,90000,7.3,12300,1
92100,120000,11.4,10100,1
92190,256000,43.0,5953,2
92700,260000,47.0,5532,2
92160,175000,33.03,5086,1
92500,172000,22.78,7243,1
92220,159000,22.19,7165,1
92360,135000,26.0,5192,1
92320,120080,1666 € de rente mensuelle,Rente : 1 666 €/mois,55
92390,210000,26.0,8077,1
92390,214000,28.0,7643,1
92390,289000,43.0,6721,2
92400,225000,1500 € de rente mensuelle,Rente : 1 500 €/mois,80
92270,109000,13.11,7628,1
92600,241000,37.0,6514,2
92300,299000,39.0,7667,2
92700,217000,50.0,4060,3
92120,101680,500 € de rente mensuelle,Rente : 500 €/mois,Âge du crédirentier : 70
92290,195000,22.08,8832,1
92600,170500,22.8,7478,1
92000,280000,52.25,5167,3
92360,229950,56.04,3908,3
92290,56400,1085 € de rente mensuelle,Rente : 1 085 €/mois,Âge de la crédirentière : 79
92600,299000,54.65,5306,3
92600,300000,36.0,8056,2
92000,199000,29.0,6862,2
92270,112000,16.0,7000,1
92140,245000,29.27,8370,1
92370,135000,19.0,6789,2
92170,159000,18.79,7983,1
92150,230000,24.97,9211,1
92700,179900,21.8,8252,2
92160,149000,22.0,6409,1
92120,299000,29.0,10300,1
92120,125356,27.0,4643,1
92100,159900,16.35,9174,1
92110,200000,28.0,6786,2
92390,261100,59.51,4387,3
92230,297000,57.8,5138,2
92320,136600,22.0,6209,1
92600,285000,38.0,7212,2
92380,237000,30.0,7500,1
92210,285000,38.35,7119,1
92130,241000,26.0,8846,1
92360,239000,74.0,3081,3
92360,239000,74.0,3081,3
92400,250000,32.0,7513,2
92400,240000,34.5,6539,1
92330,281200,43.45,6214,2
92400,189800,33.0,5455,2
92340,236000,53.0,4453,3
92500,150000,18.0,8333,1
92000,252000,50.0,5040,3
92270,251000,31.0,8097,1
92800,220000,28.83,7631,2
92150,273000,27.0,10100,1
92600,289000,38.0,7368,2
92400,290000,45.0,6244,2
92700,295000,48.0,6146,2
92100,130000,13.0,1000,1
92100,248570,19.0,12300,1
92600,246100,26.0,8846,1
92600,256800,26.0,9231,1
92600,267500,26.0,9615,1
92140,223000,32.46,6470,1
92100,279800,32.0,8438,2
92800,268000,34.7,7349,2
92260,230000,56.0,3929,3
92260,230000,56.0,3929,2
92250,239000,29.0,8241,2
92130,246000,21.18,11600,1
92290,298000,40.32,7391,2
92300,290000,30.0,9667,1
92100,165000,14.0,11800,1
92300,150000,14.84,9434,1
92300,140000,13.0,1000,1
92190,295000,46.92,5988,2
92140,285000,80.0,3438,5
92250,289000,36.0,8028,2
92360,229000,56.0,4089,3
92170,280000,32.0,8750,2
92110,264000,37.5,6707,1
92110,191000,20.0,9550,1
92200,110000,10.0,1100,1
92600,273100,50.78,5378,2
92110,168000,24.0,6667,2
92110,199000,24.0,8292,2
92000,273000,45.0,5778,2
92600,285000,35.0,7886,2
92140,223000,32.46,6470,1
92290,258000,36.0,6944,2
92110,239000,33.5,7134,2
92600,299000,37.0,7811,2
92700,247000,43.0,5744,2
92700,225000,51.0,4412,3
92330,199000,25.0,7600,1
92290,220000,41.12,5350,1
92150,221000,27.05,8170,1
92290,286000,33.0,8667,1
92600,268100,48.27,5554,2
92600,210000,52.0,4038,2
92600,273000,37.0,7378,2
92600,245000,28.0,8750,1
92700,165000,26.24,6288,2
92200,280000,23.0,12200,1
92320,299000,53.15,5626,3
92700,207000,33.03,6267,1
92110,92000,9.0,10200,1
92300,125000,14.0,8929,1
92500,145000,50.0,2900,2
92380,295000,64.22,4594,3
92000,229000,34.0,6324,1
92320,150000,25.0,6000,1
92250,285000,25.26,11300,1
92290,189000,26.0,7269,1
92800,270300,43.0,5930,1
92400,198000,20.74,8974,1
92340,298000,60.03,4748,3
92600,298000,43.06,6921,3
92120,241000,36.4,6181,2
92390,233200,65.13,3581,4
92600,254400,41.0,6205,2
92350,268000,67.0,3865,4
92320,140000,22.0,6364,1
92130,300000,24.0,12500,1
92320,219000,25.0,8760,2
92800,287000,30.5,8962,1
92100,180000,17.0,10600,1
92120,161000,19.0,8474,2 m² de terrain
92100,171000,19.0,8553,1
92100,299000,31.0,9645,1
92240,270000,38.0,7105,2
92170,125624,19.0,6612,1
92160,179000,30.37,5894,2
92200,270000,24.72,10900,1
92170,225000,25.78,8340,2
92340,236000,53.35,4208,3
92170,268000,34.76,7710,1
92150,245000,36.5,6329,1
92220,254000,43.07,5897,2
92340,295000,70.0,4071,4
92800,129500,16.0,8094,1
92370,179000,21.55,7889,1
92370,298000,41.08,6913,2
92140,270000,46.3,5832,3
92140,219000,34.12,6419,2
92160,150000,20.13,7452,1
92340,289800,65.0,4308,4
92360,215500,67.0,3216,4
92240,220000,32.76,6408,2
92240,299000,39.23,7418,2
92110,210000,32.0,6250,3
92110,181900,27.0,6737,2
92000,273000,44.0,5909,2
92160,138000,20.35,6781,1
92190,295000,47.0,6277,2
92330,203000,28.27,7181,1
92110,139000,21.2,6557,2
92270,233000,31.29,7127,2
92190,295000,52.15,5413,2
92110,280000,44.0,6364,3
92170,160000,24.0,6667,1
92120,99900,11.5,8687,1
92200,107000,10.55,9573,1
92370,255000,45.73,5576,2
92310,170000,25.0,6800,1
92700,126000,20.86,5753,1
92350,259000,44.44,5828,2
92140,274900,79.26,3280,5
92290,249000,53.66,4454,2
92500,271000,54.33,4988,3
92400,300000,41.0,6969,2
92110,280000,39.0,7179,2
92330,152000,15.26,9961,1
92400,295000,41.83,7052,2
92120,234000,48.0,4583,2
92600,215000,31.87,6432,1
92140,261000,63.81,4090,4
92140,270000,29.77,9070,1
92290,164000,22.0,7045,1
92160,289000,42.28,6835,2
92140,243000,30.0,8100,1
92800,199000,26.6,7481,1
92100,240000,24.31,9461,2
92220,274000,59.0,4644,4
92270,229000,44.0,5000,2
92340,295000,70.0,4071,4
92320,299000,53.0,5642,3
92110,240000,26.0,9231,2
92220,229000,41.0,5585,3
92350,275000,43.0,6395,2
92240,284000,54.56,5205,3
92220,275000,44.23,6217,2
92120,235000,48.5,4536,2
92170,280000,28.0,9643,1
92270,299900,53.0,5658,2
92210,250000,28.0,8929,1
92380,232000,30.0,7450,1
92360,215000,56.0,3839,3
92300,220000,19.17,10900,1
92600,145400,24.7,5887,1
92110,285000,43.0,6285,3
92120,289000,41.94,6891,2
92340,90000,14.0,5964,1
92800,288000,40.0,6900,3
92360,179350,56.0,3036,3
92240,165000,20.0,8250,2
92340,299000,60.03,4981,3
92150,205000,30.0,6500,1
92200,194000,12.9,1500,1
92260,264000,58.0,4397,3
92320,282500,54.61,5173,3
92240,85000,9.86,8114,1
92240,165000,20.26,7651,2
92170,268000,35.0,7286,1
92120,229000,17.5,13100,1
92190,139000,21.0,6619,1
92600,107100,1078 € de rente mensuelle,Rente : 1 078 €/mois,Âge de la crédirentière : 74
92160,264000,84.5,3124,5
92200,79000,10.0,7900,1
92500,297000,36.33,8175,1
92380,295000,50.93,5792,3
92350,289000,66.0,4379,3
92170,202000,21.04,9221,1
92240,85000,12.0,7083,1
92240,165000,20.0,8250,1
92120,50000,6.2,6613,1
92320,280000,41.0,6630,2
92250,147600,2978 € de rente mensuelle,Rente : 2 978 €/mois,Âge de la crédirentière : 84
92160,199000,48.0,3986,2
92170,109095,10.0,10500,1
92700,294000,61.0,4590,3
92410,71500,10.84,6596,1
92800,176000,19.0,9263,1
92800,191000,21.0,9095,1
92360,263000,70.14,3750,4
92220,240000,43.07,5572,2
92310,279000,52.0,5212,2
92190,82000,15.0,4933,1
92250,276000,39.32,6689,3
92350,299000,77.0,3752,4
92140,258000,32.31,7985,1
92130,249700,33.0,7567,1
92190,260000,53.0,4906,2
92190,295000,47.0,6277,2
92130,265000,37.32,6699,1
92320,255000,52.38,4625,2
92250,199000,22.0,9045,1
92270,90000,14.0,6429,1
92270,227000,28.55,7496,2
92600,173000,18.0,9611,1
92240,284000,54.56,5205,2
92170,285000,39.32,7037,2
92260,133000,18.5,6649,1
92110,265000,31.0,8548,1
92210,220500,37.31,5629,1
92250,200000,22.65,8389,1
92130,280000,36.0,7778,2
92290,159900,23.35,6848,1
92300,80000,7.91,8850,1
92110,75000,11.0,6818,1
92270,299900,51.0,5686,2
92130,250000,29.0,8621,2
92390,283000,60.0,4717,3
92300,225000,24.0,9375,2
92160,252000,67.35,3563,4
92150,275000,27.0,10200,1
92100,157500,16.18,9271,1
92100,266000,27.0,9481,2
92170,299000,39.15,7637,2
92350,247000,54.55,4528,3
92500,282000,28.0,10100,1
92170,105700,18.94,5581,1
92600,178000,34.0,5235,2
92210,295000,41.87,6775,1
92270,252000,40.0,6300,2
92160,212000,42.01,5046,2
92160,259000,60.0,4155,3
92130,159900,17.0,8824,1
92360,235000,62.0,3790,3
92150,267120,38.2,6597,2
92150,275600,40.0,6500,2
92600,220000,26.0,8462,1
92150,242500,31.0,7419,2
92170,190000,26.41,6906,1
92120,272000,44.0,6182,2
92110,100000,11.0,8555,1
92400,292000,39.0,7179,2
92120,299000,32.0,9344,2
92150,235000,29.0,8103,1
92120,204900,20.74,9879,1
92270,215000,38.0,5658,2
92300,255000,21.0,12100,1
92240,150000,21.0,6667,1
92800,65000,9.0,7222,1
92160,279000,62.79,4443,3
92500,295000,59.23,4727,3
92160,95000,19.0,4605,1
92340,108000,17.0,6353,1
92290,205000,44.0,4432,2
92370,225000,31.0,7097,2
92330,260000,52.0,4769,3
92220,199000,24.26,8203,1
92150,124900,900 € de rente mensuelle,Rente : 900 €/mois,Âge de la crédirentière : 77
92260,260000,52.0,4769,3
92700,231000,44.0,5000,2
92110,221000,31.0,7129,2
92350,99000,17.0,5529,1
92100,189000,19.02,9937,1
92800,266000,33.0,8061,2
92210,152000,19.64,7128,1
92700,225000,38.0,5658,2
92160,259000,64.0,3875,3
92220,135000,18.33,7365,1
92270,250000,33.17,7537,1
92220,287000,42.74,6715,2
92350,280000,36.0,7778,2
92250,260000,41.0,6341,2
92110,47000,9.0,5222,1
92160,260000,74.0,3514,4
92370,189000,23.2,7759,1
92110,145000,26.0,5577,2
92500,100000,33.0,2848,1
92120,270000,33.0,8182,2
92270,259000,34.4,7529,1
92170,244000,29.13,8376,1
92100,263000,51.0,4804,2
92600,225000,26.0,8654,1
92260,290000,70.0,3929,4
92110,195000,28.0,6964,2
92420,249000,54.0,4611,2
92120,260000,36.0,7222,2
92120,239500,21.44,11200,2
92220,287000,42.0,6833,2
92150,195000,25.0,7400,2
92240,240000,32.76,7018,2
92270,265000,37.0,7162,1
92600,295000,63.0,4505,4
92320,249000,28.14,8849,1
92250,299000,41.0,7037,2
92120,270000,33.0,8182,2
92380,265000,52.46,4766,3
92800,214000,29.0,7379,2
92000,200000,31.0,6452,2
92160,295000,46.0,6413,3
92150,199250,27.0,6852,1
92210,246000,32.02,7683,1
92220,237000,2 pièces,7683,1 chambre
92400,198000,21.0,8905,1
92150,145000,17.0,8529,1
92290,261 640 à 278 520 €,44.35,8529,2
92150,199000,24.0,7875,2
92240,260000,47.0,5106,2
92800,266000,33.0,8061,2
92700,147000,19.0,7316,1
92600,290000,2 pièces,7316,1
92320,249000,30.16,7958,2
92120,220000,30.0,7333,2
92220,136700,19.0,7195,1
92700,185500,25.0,7180,1
92700,300000,42.12,7123,2
92600,285000,46.15,6176,2
92500,257000,30.0,8567,1
92800,277500,25.0,11100,1
92120,299000,30.0,9967,1
92700,289000,38.0,7605,2
92500,295000,37.0,7973,1
92250,285000,30.0,9500,1
92500,230000,26.0,8846,1
92350,294000,40.0,7350,2
92600,269500,21.6,12500,1
92800,277500,25.0,11100,1
92600,238000,30.0,7933,1
